time,place,crimes
2017-02-28,7,0
2017-02-28,8,0
2017-02-28,16,0
2017-02-28,17,21
2017-02-28,18,10
2017-02-28,19,2
2017-02-28,20,7
2017-02-28,21,18
2017-02-28,29,7
2017-02-28,30,16
2017-02-28,31,12
2017-02-28,32,29
2017-02-28,33,6
2017-02-28,40,7
2017-02-28,41,68
2017-02-28,42,49
2017-02-28,43,32
2017-02-28,44,51
2017-02-28,45,1
2017-02-28,52,6
2017-02-28,53,0
2017-02-28,54,26
2017-02-28,55,5
2017-02-28,56,0
2017-02-28,61,41
2017-02-28,62,38
2017-02-28,63,7
2017-02-28,64,0
2017-02-28,65,11
2017-02-28,66,32
2017-02-28,67,24
2017-02-28,68,49
2017-02-28,74,34
2017-02-28,75,21
2017-02-28,76,46
2017-02-28,77,40
2017-02-28,78,43
2017-02-28,79,16
2017-02-28,80,0
2017-02-28,81,48
2017-02-28,84,40
2017-02-28,85,38
2017-02-28,86,16
2017-02-28,87,13
2017-02-28,88,54
2017-02-28,89,9
2017-02-28,90,70
2017-02-28,91,38
2017-02-28,99,42
2017-02-28,100,16
2017-02-28,101,3
2017-02-28,102,4
2017-02-28,103,11
2017-02-28,104,46
2017-02-28,105,28
2017-02-28,106,42
2017-02-28,107,29
2017-02-28,108,6
2017-02-28,109,106
2017-02-28,110,67
2017-02-28,111,7
2017-02-28,112,0
2017-02-28,113,1
2017-02-28,114,2
2017-02-28,119,7
2017-02-28,120,0
2017-02-28,121,11
2017-02-28,122,11
2017-02-28,123,1
2017-02-28,124,18
2017-02-28,125,38
2017-02-28,126,18
2017-02-28,128,24
2017-02-28,129,38
2017-02-28,130,48
2017-02-28,131,54
2017-02-28,132,21
2017-02-28,133,0
2017-02-28,134,0
2017-02-28,135,26
2017-02-28,136,29
2017-02-28,137,53
2017-02-28,142,31
2017-02-28,143,61
2017-02-28,144,70
2017-02-28,145,88
2017-02-28,148,8
2017-02-28,149,4
2017-02-28,150,17
2017-02-28,151,14
2017-02-28,152,1
2017-02-28,153,0
2017-02-28,154,1
2017-02-28,155,62
2017-02-28,156,70
2017-02-28,157,37
2017-02-28,158,39
2017-02-28,159,40
2017-02-28,160,43
2017-02-28,164,14
2017-02-28,166,0
2017-02-28,167,0
2017-02-28,169,0
2017-02-28,170,10
2017-02-28,171,29
2017-02-28,172,11
2017-02-28,173,27
2017-02-28,174,0
2017-02-28,175,8
2017-02-28,176,8
2017-02-28,177,3
2017-02-28,178,28
2017-02-28,182,2
2017-02-28,188,1
2017-02-28,189,9
2017-02-28,190,13
2017-02-28,191,7
2017-02-28,192,14
2017-02-28,193,22
2017-02-28,194,32
2017-02-28,195,51
2017-02-28,196,6
2017-02-28,197,11
2017-02-28,198,3
2017-02-28,199,50
2017-02-28,200,20
2017-02-28,201,36
2017-02-28,202,32
2017-02-28,203,6
2017-02-28,210,4
2017-02-28,211,4
2017-02-28,212,4
2017-02-28,213,23
2017-02-28,214,49
2017-02-28,215,11
2017-02-28,216,30
2017-02-28,217,27
2017-02-28,218,48
2017-02-28,219,3
2017-02-28,220,26
2017-02-28,221,4
2017-02-28,222,32
2017-02-28,223,50
2017-02-28,224,54
2017-02-28,225,88
2017-02-28,226,58
2017-02-28,232,38
2017-02-28,233,88
2017-02-28,234,27
2017-02-28,235,3
2017-02-28,236,0
2017-02-28,237,26
2017-02-28,238,38
2017-02-28,239,10
2017-02-28,240,67
2017-02-28,241,45
2017-02-28,242,0
2017-02-28,243,17
2017-02-28,244,35
2017-02-28,245,69
2017-02-28,246,5
2017-02-28,247,12
2017-02-28,255,93
2017-02-28,256,10
2017-02-28,257,8
2017-02-28,258,28
2017-02-28,259,0
2017-02-28,260,0
2017-02-28,261,0
2017-02-28,262,1
2017-02-28,264,5
2017-02-28,265,0
2017-02-28,277,1
2017-02-28,278,0
2017-02-28,279,1
2017-02-28,280,3
2017-02-28,281,19
2017-02-28,282,0
2017-02-28,284,22
2017-02-28,285,32
2017-02-28,286,0
2017-02-28,289,0
2017-02-28,299,39
2017-02-28,300,0
2017-02-28,301,0
2017-02-28,302,1
2017-02-28,303,1
2017-02-28,322,2
2017-02-28,323,0
2017-02-28,324,3
2017-02-28,325,26
2017-03-31,7,0
2017-03-31,8,0
2017-03-31,16,2
2017-03-31,17,20
2017-03-31,18,12
2017-03-31,19,6
2017-03-31,20,6
2017-03-31,21,13
2017-03-31,29,4
2017-03-31,30,9
2017-03-31,31,13
2017-03-31,32,51
2017-03-31,33,7
2017-03-31,40,5
2017-03-31,41,73
2017-03-31,42,71
2017-03-31,43,33
2017-03-31,44,59
2017-03-31,45,1
2017-03-31,52,6
2017-03-31,53,1
2017-03-31,54,31
2017-03-31,55,1
2017-03-31,56,0
2017-03-31,61,29
2017-03-31,62,51
2017-03-31,63,5
2017-03-31,64,2
2017-03-31,65,8
2017-03-31,66,24
2017-03-31,67,16
2017-03-31,68,44
2017-03-31,74,37
2017-03-31,75,31
2017-03-31,76,51
2017-03-31,77,49
2017-03-31,78,35
2017-03-31,79,16
2017-03-31,80,0
2017-03-31,81,24
2017-03-31,84,31
2017-03-31,85,28
2017-03-31,86,14
2017-03-31,87,1
2017-03-31,88,37
2017-03-31,89,5
2017-03-31,90,84
2017-03-31,91,34
2017-03-31,99,48
2017-03-31,100,21
2017-03-31,101,2
2017-03-31,102,11
2017-03-31,103,13
2017-03-31,104,59
2017-03-31,105,33
2017-03-31,106,28
2017-03-31,107,23
2017-03-31,108,4
2017-03-31,109,101
2017-03-31,110,48
2017-03-31,111,16
2017-03-31,112,2
2017-03-31,113,7
2017-03-31,114,2
2017-03-31,119,11
2017-03-31,120,0
2017-03-31,121,5
2017-03-31,122,15
2017-03-31,123,2
2017-03-31,124,18
2017-03-31,125,43
2017-03-31,126,18
2017-03-31,128,24
2017-03-31,129,50
2017-03-31,130,51
2017-03-31,131,59
2017-03-31,132,33
2017-03-31,133,0
2017-03-31,134,0
2017-03-31,135,32
2017-03-31,136,24
2017-03-31,137,27
2017-03-31,142,28
2017-03-31,143,31
2017-03-31,144,64
2017-03-31,145,90
2017-03-31,148,7
2017-03-31,149,5
2017-03-31,150,10
2017-03-31,151,12
2017-03-31,152,0
2017-03-31,153,0
2017-03-31,154,0
2017-03-31,155,72
2017-03-31,156,55
2017-03-31,157,21
2017-03-31,158,58
2017-03-31,159,26
2017-03-31,160,45
2017-03-31,164,13
2017-03-31,166,0
2017-03-31,167,0
2017-03-31,169,0
2017-03-31,170,20
2017-03-31,171,14
2017-03-31,172,13
2017-03-31,173,24
2017-03-31,174,0
2017-03-31,175,6
2017-03-31,176,8
2017-03-31,177,8
2017-03-31,178,31
2017-03-31,182,2
2017-03-31,188,5
2017-03-31,189,23
2017-03-31,190,3
2017-03-31,191,9
2017-03-31,192,7
2017-03-31,193,30
2017-03-31,194,20
2017-03-31,195,38
2017-03-31,196,3
2017-03-31,197,14
2017-03-31,198,1
2017-03-31,199,60
2017-03-31,200,8
2017-03-31,201,38
2017-03-31,202,32
2017-03-31,203,8
2017-03-31,210,0
2017-03-31,211,2
2017-03-31,212,5
2017-03-31,213,26
2017-03-31,214,33
2017-03-31,215,17
2017-03-31,216,31
2017-03-31,217,33
2017-03-31,218,40
2017-03-31,219,2
2017-03-31,220,30
2017-03-31,221,5
2017-03-31,222,36
2017-03-31,223,49
2017-03-31,224,48
2017-03-31,225,89
2017-03-31,226,51
2017-03-31,232,51
2017-03-31,233,75
2017-03-31,234,31
2017-03-31,235,2
2017-03-31,236,0
2017-03-31,237,34
2017-03-31,238,54
2017-03-31,239,10
2017-03-31,240,73
2017-03-31,241,38
2017-03-31,242,0
2017-03-31,243,12
2017-03-31,244,33
2017-03-31,245,46
2017-03-31,246,5
2017-03-31,247,5
2017-03-31,255,64
2017-03-31,256,15
2017-03-31,257,9
2017-03-31,258,14
2017-03-31,259,1
2017-03-31,260,1
2017-03-31,261,0
2017-03-31,262,0
2017-03-31,264,0
2017-03-31,265,0
2017-03-31,277,1
2017-03-31,278,0
2017-03-31,279,0
2017-03-31,280,3
2017-03-31,281,13
2017-03-31,282,0
2017-03-31,284,35
2017-03-31,285,50
2017-03-31,286,1
2017-03-31,289,0
2017-03-31,299,15
2017-03-31,300,0
2017-03-31,301,0
2017-03-31,302,0
2017-03-31,303,2
2017-03-31,322,1
2017-03-31,323,0
2017-03-31,324,5
2017-03-31,325,22
2017-04-30,7,0
2017-04-30,8,0
2017-04-30,16,0
2017-04-30,17,22
2017-04-30,18,17
2017-04-30,19,11
2017-04-30,20,13
2017-04-30,21,28
2017-04-30,29,7
2017-04-30,30,15
2017-04-30,31,4
2017-04-30,32,38
2017-04-30,33,4
2017-04-30,40,7
2017-04-30,41,57
2017-04-30,42,67
2017-04-30,43,39
2017-04-30,44,70
2017-04-30,45,0
2017-04-30,52,9
2017-04-30,53,0
2017-04-30,54,32
2017-04-30,55,1
2017-04-30,56,0
2017-04-30,61,42
2017-04-30,62,38
2017-04-30,63,6
2017-04-30,64,1
2017-04-30,65,8
2017-04-30,66,45
2017-04-30,67,6
2017-04-30,68,42
2017-04-30,74,54
2017-04-30,75,29
2017-04-30,76,19
2017-04-30,77,46
2017-04-30,78,31
2017-04-30,79,13
2017-04-30,80,0
2017-04-30,81,48
2017-04-30,84,39
2017-04-30,85,31
2017-04-30,86,19
2017-04-30,87,9
2017-04-30,88,65
2017-04-30,89,6
2017-04-30,90,122
2017-04-30,91,37
2017-04-30,99,69
2017-04-30,100,20
2017-04-30,101,4
2017-04-30,102,6
2017-04-30,103,26
2017-04-30,104,70
2017-04-30,105,41
2017-04-30,106,32
2017-04-30,107,23
2017-04-30,108,11
2017-04-30,109,98
2017-04-30,110,91
2017-04-30,111,9
2017-04-30,112,0
2017-04-30,113,0
2017-04-30,114,3
2017-04-30,119,3
2017-04-30,120,0
2017-04-30,121,5
2017-04-30,122,13
2017-04-30,123,1
2017-04-30,124,34
2017-04-30,125,43
2017-04-30,126,16
2017-04-30,128,19
2017-04-30,129,75
2017-04-30,130,55
2017-04-30,131,70
2017-04-30,132,33
2017-04-30,133,0
2017-04-30,134,0
2017-04-30,135,41
2017-04-30,136,23
2017-04-30,137,46
2017-04-30,142,38
2017-04-30,143,68
2017-04-30,144,72
2017-04-30,145,121
2017-04-30,148,8
2017-04-30,149,3
2017-04-30,150,7
2017-04-30,151,34
2017-04-30,152,5
2017-04-30,153,0
2017-04-30,154,0
2017-04-30,155,65
2017-04-30,156,74
2017-04-30,157,35
2017-04-30,158,61
2017-04-30,159,45
2017-04-30,160,54
2017-04-30,164,21
2017-04-30,166,1
2017-04-30,167,1
2017-04-30,169,0
2017-04-30,170,19
2017-04-30,171,36
2017-04-30,172,18
2017-04-30,173,18
2017-04-30,174,0
2017-04-30,175,10
2017-04-30,176,10
2017-04-30,177,22
2017-04-30,178,28
2017-04-30,182,1
2017-04-30,188,9
2017-04-30,189,18
2017-04-30,190,3
2017-04-30,191,7
2017-04-30,192,14
2017-04-30,193,35
2017-04-30,194,25
2017-04-30,195,37
2017-04-30,196,9
2017-04-30,197,12
2017-04-30,198,6
2017-04-30,199,44
2017-04-30,200,30
2017-04-30,201,54
2017-04-30,202,14
2017-04-30,203,6
2017-04-30,210,4
2017-04-30,211,3
2017-04-30,212,13
2017-04-30,213,24
2017-04-30,214,48
2017-04-30,215,15
2017-04-30,216,30
2017-04-30,217,35
2017-04-30,218,48
2017-04-30,219,4
2017-04-30,220,42
2017-04-30,221,11
2017-04-30,222,56
2017-04-30,223,68
2017-04-30,224,48
2017-04-30,225,99
2017-04-30,226,61
2017-04-30,232,30
2017-04-30,233,94
2017-04-30,234,58
2017-04-30,235,5
2017-04-30,236,0
2017-04-30,237,43
2017-04-30,238,46
2017-04-30,239,7
2017-04-30,240,86
2017-04-30,241,37
2017-04-30,242,0
2017-04-30,243,6
2017-04-30,244,41
2017-04-30,245,83
2017-04-30,246,11
2017-04-30,247,14
2017-04-30,255,68
2017-04-30,256,13
2017-04-30,257,6
2017-04-30,258,32
2017-04-30,259,1
2017-04-30,260,1
2017-04-30,261,0
2017-04-30,262,0
2017-04-30,264,0
2017-04-30,265,1
2017-04-30,277,1
2017-04-30,278,0
2017-04-30,279,0
2017-04-30,280,6
2017-04-30,281,13
2017-04-30,282,1
2017-04-30,284,19
2017-04-30,285,44
2017-04-30,286,0
2017-04-30,289,0
2017-04-30,299,26
2017-04-30,300,0
2017-04-30,301,0
2017-04-30,302,0
2017-04-30,303,1
2017-04-30,322,3
2017-04-30,323,0
2017-04-30,324,7
2017-04-30,325,18
2017-05-31,7,0
2017-05-31,8,1
2017-05-31,16,0
2017-05-31,17,19
2017-05-31,18,11
2017-05-31,19,6
2017-05-31,20,7
2017-05-31,21,18
2017-05-31,29,10
2017-05-31,30,18
2017-05-31,31,16
2017-05-31,32,28
2017-05-31,33,7
2017-05-31,40,5
2017-05-31,41,85
2017-05-31,42,61
2017-05-31,43,34
2017-05-31,44,80
2017-05-31,45,0
2017-05-31,52,3
2017-05-31,53,0
2017-05-31,54,28
2017-05-31,55,4
2017-05-31,56,1
2017-05-31,61,26
2017-05-31,62,35
2017-05-31,63,2
2017-05-31,64,1
2017-05-31,65,14
2017-05-31,66,44
2017-05-31,67,4
2017-05-31,68,43
2017-05-31,74,50
2017-05-31,75,26
2017-05-31,76,43
2017-05-31,77,63
2017-05-31,78,37
2017-05-31,79,21
2017-05-31,80,2
2017-05-31,81,41
2017-05-31,84,30
2017-05-31,85,44
2017-05-31,86,12
2017-05-31,87,7
2017-05-31,88,80
2017-05-31,89,12
2017-05-31,90,126
2017-05-31,91,42
2017-05-31,99,65
2017-05-31,100,26
2017-05-31,101,1
2017-05-31,102,6
2017-05-31,103,23
2017-05-31,104,60
2017-05-31,105,42
2017-05-31,106,28
2017-05-31,107,44
2017-05-31,108,17
2017-05-31,109,106
2017-05-31,110,74
2017-05-31,111,19
2017-05-31,112,2
2017-05-31,113,2
2017-05-31,114,0
2017-05-31,119,13
2017-05-31,120,0
2017-05-31,121,9
2017-05-31,122,17
2017-05-31,123,0
2017-05-31,124,25
2017-05-31,125,41
2017-05-31,126,12
2017-05-31,128,27
2017-05-31,129,83
2017-05-31,130,60
2017-05-31,131,57
2017-05-31,132,36
2017-05-31,133,1
2017-05-31,134,0
2017-05-31,135,20
2017-05-31,136,34
2017-05-31,137,44
2017-05-31,142,43
2017-05-31,143,65
2017-05-31,144,58
2017-05-31,145,128
2017-05-31,148,8
2017-05-31,149,5
2017-05-31,150,17
2017-05-31,151,15
2017-05-31,152,0
2017-05-31,153,0
2017-05-31,154,0
2017-05-31,155,82
2017-05-31,156,83
2017-05-31,157,33
2017-05-31,158,50
2017-05-31,159,55
2017-05-31,160,55
2017-05-31,164,17
2017-05-31,166,1
2017-05-31,167,4
2017-05-31,169,0
2017-05-31,170,12
2017-05-31,171,23
2017-05-31,172,17
2017-05-31,173,28
2017-05-31,174,0
2017-05-31,175,10
2017-05-31,176,10
2017-05-31,177,17
2017-05-31,178,26
2017-05-31,182,3
2017-05-31,188,2
2017-05-31,189,18
2017-05-31,190,3
2017-05-31,191,5
2017-05-31,192,6
2017-05-31,193,25
2017-05-31,194,34
2017-05-31,195,51
2017-05-31,196,4
2017-05-31,197,6
2017-05-31,198,2
2017-05-31,199,56
2017-05-31,200,29
2017-05-31,201,63
2017-05-31,202,22
2017-05-31,203,5
2017-05-31,210,1
2017-05-31,211,6
2017-05-31,212,9
2017-05-31,213,43
2017-05-31,214,47
2017-05-31,215,26
2017-05-31,216,44
2017-05-31,217,36
2017-05-31,218,56
2017-05-31,219,5
2017-05-31,220,41
2017-05-31,221,5
2017-05-31,222,26
2017-05-31,223,73
2017-05-31,224,65
2017-05-31,225,107
2017-05-31,226,60
2017-05-31,232,35
2017-05-31,233,89
2017-05-31,234,47
2017-05-31,235,2
2017-05-31,236,0
2017-05-31,237,40
2017-05-31,238,56
2017-05-31,239,10
2017-05-31,240,88
2017-05-31,241,64
2017-05-31,242,1
2017-05-31,243,5
2017-05-31,244,46
2017-05-31,245,76
2017-05-31,246,13
2017-05-31,247,10
2017-05-31,255,64
2017-05-31,256,18
2017-05-31,257,15
2017-05-31,258,39
2017-05-31,259,1
2017-05-31,260,0
2017-05-31,261,0
2017-05-31,262,0
2017-05-31,264,2
2017-05-31,265,1
2017-05-31,277,3
2017-05-31,278,0
2017-05-31,279,0
2017-05-31,280,3
2017-05-31,281,26
2017-05-31,282,0
2017-05-31,284,25
2017-05-31,285,53
2017-05-31,286,0
2017-05-31,289,0
2017-05-31,299,29
2017-05-31,300,1
2017-05-31,301,0
2017-05-31,302,1
2017-05-31,303,1
2017-05-31,322,4
2017-05-31,323,1
2017-05-31,324,4
2017-05-31,325,22
2017-06-30,7,1
2017-06-30,8,1
2017-06-30,16,0
2017-06-30,17,36
2017-06-30,18,9
2017-06-30,19,2
2017-06-30,20,12
2017-06-30,21,15
2017-06-30,29,11
2017-06-30,30,14
2017-06-30,31,5
2017-06-30,32,49
2017-06-30,33,3
2017-06-30,40,5
2017-06-30,41,76
2017-06-30,42,60
2017-06-30,43,46
2017-06-30,44,89
2017-06-30,45,0
2017-06-30,52,5
2017-06-30,53,0
2017-06-30,54,45
2017-06-30,55,3
2017-06-30,56,0
2017-06-30,61,36
2017-06-30,62,39
2017-06-30,63,5
2017-06-30,64,3
2017-06-30,65,11
2017-06-30,66,33
2017-06-30,67,13
2017-06-30,68,36
2017-06-30,74,43
2017-06-30,75,28
2017-06-30,76,46
2017-06-30,77,55
2017-06-30,78,35
2017-06-30,79,24
2017-06-30,80,1
2017-06-30,81,36
2017-06-30,84,29
2017-06-30,85,53
2017-06-30,86,16
2017-06-30,87,10
2017-06-30,88,74
2017-06-30,89,6
2017-06-30,90,125
2017-06-30,91,47
2017-06-30,99,57
2017-06-30,100,34
2017-06-30,101,3
2017-06-30,102,4
2017-06-30,103,13
2017-06-30,104,60
2017-06-30,105,51
2017-06-30,106,34
2017-06-30,107,35
2017-06-30,108,9
2017-06-30,109,124
2017-06-30,110,70
2017-06-30,111,14
2017-06-30,112,3
2017-06-30,113,1
2017-06-30,114,3
2017-06-30,119,11
2017-06-30,120,1
2017-06-30,121,3
2017-06-30,122,18
2017-06-30,123,0
2017-06-30,124,24
2017-06-30,125,33
2017-06-30,126,15
2017-06-30,128,19
2017-06-30,129,58
2017-06-30,130,62
2017-06-30,131,44
2017-06-30,132,26
2017-06-30,133,0
2017-06-30,134,0
2017-06-30,135,28
2017-06-30,136,28
2017-06-30,137,35
2017-06-30,142,43
2017-06-30,143,61
2017-06-30,144,68
2017-06-30,145,131
2017-06-30,148,9
2017-06-30,149,1
2017-06-30,150,10
2017-06-30,151,12
2017-06-30,152,0
2017-06-30,153,0
2017-06-30,154,0
2017-06-30,155,87
2017-06-30,156,69
2017-06-30,157,27
2017-06-30,158,62
2017-06-30,159,34
2017-06-30,160,46
2017-06-30,164,15
2017-06-30,166,2
2017-06-30,167,0
2017-06-30,169,0
2017-06-30,170,18
2017-06-30,171,27
2017-06-30,172,13
2017-06-30,173,26
2017-06-30,174,0
2017-06-30,175,10
2017-06-30,176,12
2017-06-30,177,2
2017-06-30,178,30
2017-06-30,182,5
2017-06-30,188,2
2017-06-30,189,12
2017-06-30,190,4
2017-06-30,191,7
2017-06-30,192,7
2017-06-30,193,13
2017-06-30,194,29
2017-06-30,195,46
2017-06-30,196,2
2017-06-30,197,14
2017-06-30,198,8
2017-06-30,199,43
2017-06-30,200,24
2017-06-30,201,65
2017-06-30,202,22
2017-06-30,203,8
2017-06-30,210,0
2017-06-30,211,3
2017-06-30,212,7
2017-06-30,213,44
2017-06-30,214,61
2017-06-30,215,25
2017-06-30,216,41
2017-06-30,217,27
2017-06-30,218,49
2017-06-30,219,4
2017-06-30,220,32
2017-06-30,221,4
2017-06-30,222,30
2017-06-30,223,72
2017-06-30,224,63
2017-06-30,225,94
2017-06-30,226,64
2017-06-30,232,25
2017-06-30,233,84
2017-06-30,234,39
2017-06-30,235,4
2017-06-30,236,2
2017-06-30,237,29
2017-06-30,238,50
2017-06-30,239,12
2017-06-30,240,68
2017-06-30,241,63
2017-06-30,242,1
2017-06-30,243,8
2017-06-30,244,37
2017-06-30,245,55
2017-06-30,246,7
2017-06-30,247,11
2017-06-30,255,66
2017-06-30,256,14
2017-06-30,257,6
2017-06-30,258,45
2017-06-30,259,1
2017-06-30,260,0
2017-06-30,261,1
2017-06-30,262,0
2017-06-30,264,1
2017-06-30,265,1
2017-06-30,277,1
2017-06-30,278,0
2017-06-30,279,1
2017-06-30,280,2
2017-06-30,281,27
2017-06-30,282,0
2017-06-30,284,22
2017-06-30,285,24
2017-06-30,286,0
2017-06-30,289,0
2017-06-30,299,31
2017-06-30,300,0
2017-06-30,301,0
2017-06-30,302,1
2017-06-30,303,1
2017-06-30,322,4
2017-06-30,323,0
2017-06-30,324,12
2017-06-30,325,30
2017-07-31,7,0
2017-07-31,8,0
2017-07-31,16,0
2017-07-31,17,36
2017-07-31,18,7
2017-07-31,19,1
2017-07-31,20,8
2017-07-31,21,17
2017-07-31,29,7
2017-07-31,30,11
2017-07-31,31,7
2017-07-31,32,35
2017-07-31,33,4
2017-07-31,40,8
2017-07-31,41,67
2017-07-31,42,46
2017-07-31,43,33
2017-07-31,44,52
2017-07-31,45,1
2017-07-31,52,6
2017-07-31,53,2
2017-07-31,54,28
2017-07-31,55,2
2017-07-31,56,0
2017-07-31,61,32
2017-07-31,62,31
2017-07-31,63,5
2017-07-31,64,3
2017-07-31,65,18
2017-07-31,66,30
2017-07-31,67,6
2017-07-31,68,47
2017-07-31,74,45
2017-07-31,75,33
2017-07-31,76,57
2017-07-31,77,50
2017-07-31,78,23
2017-07-31,79,17
2017-07-31,80,0
2017-07-31,81,39
2017-07-31,84,28
2017-07-31,85,47
2017-07-31,86,20
2017-07-31,87,9
2017-07-31,88,39
2017-07-31,89,7
2017-07-31,90,74
2017-07-31,91,30
2017-07-31,99,44
2017-07-31,100,20
2017-07-31,101,0
2017-07-31,102,7
2017-07-31,103,19
2017-07-31,104,40
2017-07-31,105,37
2017-07-31,106,33
2017-07-31,107,52
2017-07-31,108,3
2017-07-31,109,105
2017-07-31,110,78
2017-07-31,111,18
2017-07-31,112,1
2017-07-31,113,4
2017-07-31,114,4
2017-07-31,119,11
2017-07-31,120,0
2017-07-31,121,4
2017-07-31,122,6
2017-07-31,123,1
2017-07-31,124,39
2017-07-31,125,26
2017-07-31,126,23
2017-07-31,128,20
2017-07-31,129,32
2017-07-31,130,52
2017-07-31,131,45
2017-07-31,132,24
2017-07-31,133,0
2017-07-31,134,0
2017-07-31,135,35
2017-07-31,136,18
2017-07-31,137,43
2017-07-31,142,35
2017-07-31,143,87
2017-07-31,144,76
2017-07-31,145,82
2017-07-31,148,10
2017-07-31,149,2
2017-07-31,150,13
2017-07-31,151,8
2017-07-31,152,1
2017-07-31,153,0
2017-07-31,154,0
2017-07-31,155,53
2017-07-31,156,94
2017-07-31,157,20
2017-07-31,158,43
2017-07-31,159,36
2017-07-31,160,52
2017-07-31,164,6
2017-07-31,166,0
2017-07-31,167,4
2017-07-31,169,0
2017-07-31,170,20
2017-07-31,171,25
2017-07-31,172,11
2017-07-31,173,35
2017-07-31,174,0
2017-07-31,175,7
2017-07-31,176,9
2017-07-31,177,8
2017-07-31,178,36
2017-07-31,182,3
2017-07-31,188,5
2017-07-31,189,10
2017-07-31,190,5
2017-07-31,191,6
2017-07-31,192,14
2017-07-31,193,27
2017-07-31,194,27
2017-07-31,195,45
2017-07-31,196,6
2017-07-31,197,9
2017-07-31,198,5
2017-07-31,199,73
2017-07-31,200,27
2017-07-31,201,49
2017-07-31,202,15
2017-07-31,203,7
2017-07-31,210,2
2017-07-31,211,3
2017-07-31,212,7
2017-07-31,213,25
2017-07-31,214,50
2017-07-31,215,18
2017-07-31,216,37
2017-07-31,217,36
2017-07-31,218,45
2017-07-31,219,7
2017-07-31,220,21
2017-07-31,221,1
2017-07-31,222,35
2017-07-31,223,56
2017-07-31,224,72
2017-07-31,225,72
2017-07-31,226,49
2017-07-31,232,38
2017-07-31,233,69
2017-07-31,234,37
2017-07-31,235,4
2017-07-31,236,0
2017-07-31,237,23
2017-07-31,238,61
2017-07-31,239,16
2017-07-31,240,77
2017-07-31,241,94
2017-07-31,242,0
2017-07-31,243,6
2017-07-31,244,27
2017-07-31,245,55
2017-07-31,246,11
2017-07-31,247,6
2017-07-31,255,58
2017-07-31,256,15
2017-07-31,257,6
2017-07-31,258,38
2017-07-31,259,2
2017-07-31,260,1
2017-07-31,261,0
2017-07-31,262,0
2017-07-31,264,6
2017-07-31,265,0
2017-07-31,277,4
2017-07-31,278,0
2017-07-31,279,0
2017-07-31,280,0
2017-07-31,281,10
2017-07-31,282,0
2017-07-31,284,11
2017-07-31,285,44
2017-07-31,286,0
2017-07-31,289,0
2017-07-31,299,30
2017-07-31,300,0
2017-07-31,301,0
2017-07-31,302,1
2017-07-31,303,0
2017-07-31,322,4
2017-07-31,323,0
2017-07-31,324,5
2017-07-31,325,21
2017-08-31,7,1
2017-08-31,8,0
2017-08-31,16,0
2017-08-31,17,25
2017-08-31,18,10
2017-08-31,19,3
2017-08-31,20,6
2017-08-31,21,16
2017-08-31,29,10
2017-08-31,30,18
2017-08-31,31,5
2017-08-31,32,46
2017-08-31,33,5
2017-08-31,40,14
2017-08-31,41,65
2017-08-31,42,60
2017-08-31,43,30
2017-08-31,44,57
2017-08-31,45,0
2017-08-31,52,5
2017-08-31,53,0
2017-08-31,54,32
2017-08-31,55,3
2017-08-31,56,0
2017-08-31,61,33
2017-08-31,62,26
2017-08-31,63,5
2017-08-31,64,1
2017-08-31,65,18
2017-08-31,66,26
2017-08-31,67,11
2017-08-31,68,35
2017-08-31,74,44
2017-08-31,75,23
2017-08-31,76,53
2017-08-31,77,43
2017-08-31,78,31
2017-08-31,79,13
2017-08-31,80,1
2017-08-31,81,40
2017-08-31,84,37
2017-08-31,85,44
2017-08-31,86,20
2017-08-31,87,2
2017-08-31,88,31
2017-08-31,89,8
2017-08-31,90,88
2017-08-31,91,41
2017-08-31,99,47
2017-08-31,100,17
2017-08-31,101,2
2017-08-31,102,5
2017-08-31,103,18
2017-08-31,104,43
2017-08-31,105,29
2017-08-31,106,23
2017-08-31,107,40
2017-08-31,108,7
2017-08-31,109,101
2017-08-31,110,90
2017-08-31,111,9
2017-08-31,112,4
2017-08-31,113,3
2017-08-31,114,0
2017-08-31,119,15
2017-08-31,120,0
2017-08-31,121,6
2017-08-31,122,18
2017-08-31,123,1
2017-08-31,124,31
2017-08-31,125,37
2017-08-31,126,18
2017-08-31,128,29
2017-08-31,129,39
2017-08-31,130,41
2017-08-31,131,64
2017-08-31,132,38
2017-08-31,133,0
2017-08-31,134,1
2017-08-31,135,38
2017-08-31,136,25
2017-08-31,137,40
2017-08-31,142,45
2017-08-31,143,50
2017-08-31,144,75
2017-08-31,145,102
2017-08-31,148,9
2017-08-31,149,3
2017-08-31,150,13
2017-08-31,151,18
2017-08-31,152,2
2017-08-31,153,0
2017-08-31,154,0
2017-08-31,155,58
2017-08-31,156,92
2017-08-31,157,35
2017-08-31,158,43
2017-08-31,159,36
2017-08-31,160,48
2017-08-31,164,36
2017-08-31,166,1
2017-08-31,167,0
2017-08-31,169,0
2017-08-31,170,9
2017-08-31,171,18
2017-08-31,172,16
2017-08-31,173,34
2017-08-31,174,0
2017-08-31,175,8
2017-08-31,176,10
2017-08-31,177,7
2017-08-31,178,38
2017-08-31,182,1
2017-08-31,188,2
2017-08-31,189,21
2017-08-31,190,12
2017-08-31,191,6
2017-08-31,192,12
2017-08-31,193,30
2017-08-31,194,40
2017-08-31,195,50
2017-08-31,196,5
2017-08-31,197,11
2017-08-31,198,3
2017-08-31,199,71
2017-08-31,200,27
2017-08-31,201,60
2017-08-31,202,32
2017-08-31,203,3
2017-08-31,210,3
2017-08-31,211,3
2017-08-31,212,9
2017-08-31,213,24
2017-08-31,214,35
2017-08-31,215,26
2017-08-31,216,42
2017-08-31,217,16
2017-08-31,218,45
2017-08-31,219,11
2017-08-31,220,31
2017-08-31,221,6
2017-08-31,222,52
2017-08-31,223,59
2017-08-31,224,57
2017-08-31,225,85
2017-08-31,226,55
2017-08-31,232,39
2017-08-31,233,82
2017-08-31,234,53
2017-08-31,235,7
2017-08-31,236,1
2017-08-31,237,34
2017-08-31,238,60
2017-08-31,239,10
2017-08-31,240,83
2017-08-31,241,68
2017-08-31,242,0
2017-08-31,243,9
2017-08-31,244,39
2017-08-31,245,58
2017-08-31,246,5
2017-08-31,247,11
2017-08-31,255,67
2017-08-31,256,9
2017-08-31,257,16
2017-08-31,258,21
2017-08-31,259,2
2017-08-31,260,0
2017-08-31,261,0
2017-08-31,262,0
2017-08-31,264,2
2017-08-31,265,0
2017-08-31,277,2
2017-08-31,278,1
2017-08-31,279,0
2017-08-31,280,1
2017-08-31,281,18
2017-08-31,282,0
2017-08-31,284,34
2017-08-31,285,52
2017-08-31,286,0
2017-08-31,289,0
2017-08-31,299,12
2017-08-31,300,0
2017-08-31,301,1
2017-08-31,302,2
2017-08-31,303,2
2017-08-31,322,6
2017-08-31,323,0
2017-08-31,324,5
2017-08-31,325,32
2017-09-30,7,0
2017-09-30,8,0
2017-09-30,16,0
2017-09-30,17,20
2017-09-30,18,14
2017-09-30,19,6
2017-09-30,20,16
2017-09-30,21,16
2017-09-30,29,7
2017-09-30,30,14
2017-09-30,31,8
2017-09-30,32,31
2017-09-30,33,4
2017-09-30,40,8
2017-09-30,41,78
2017-09-30,42,68
2017-09-30,43,31
2017-09-30,44,55
2017-09-30,45,0
2017-09-30,52,8
2017-09-30,53,0
2017-09-30,54,31
2017-09-30,55,0
2017-09-30,56,0
2017-09-30,61,46
2017-09-30,62,52
2017-09-30,63,3
2017-09-30,64,6
2017-09-30,65,5
2017-09-30,66,19
2017-09-30,67,6
2017-09-30,68,44
2017-09-30,74,37
2017-09-30,75,17
2017-09-30,76,62
2017-09-30,77,37
2017-09-30,78,30
2017-09-30,79,12
2017-09-30,80,2
2017-09-30,81,35
2017-09-30,84,36
2017-09-30,85,38
2017-09-30,86,21
2017-09-30,87,6
2017-09-30,88,52
2017-09-30,89,8
2017-09-30,90,105
2017-09-30,91,35
2017-09-30,99,47
2017-09-30,100,22
2017-09-30,101,4
2017-09-30,102,2
2017-09-30,103,23
2017-09-30,104,43
2017-09-30,105,39
2017-09-30,106,25
2017-09-30,107,31
2017-09-30,108,10
2017-09-30,109,86
2017-09-30,110,77
2017-09-30,111,24
2017-09-30,112,1
2017-09-30,113,1
2017-09-30,114,0
2017-09-30,119,14
2017-09-30,120,0
2017-09-30,121,4
2017-09-30,122,14
2017-09-30,123,1
2017-09-30,124,30
2017-09-30,125,37
2017-09-30,126,16
2017-09-30,128,24
2017-09-30,129,49
2017-09-30,130,61
2017-09-30,131,55
2017-09-30,132,43
2017-09-30,133,0
2017-09-30,134,0
2017-09-30,135,54
2017-09-30,136,30
2017-09-30,137,33
2017-09-30,142,44
2017-09-30,143,51
2017-09-30,144,74
2017-09-30,145,112
2017-09-30,148,4
2017-09-30,149,0
2017-09-30,150,9
2017-09-30,151,19
2017-09-30,152,0
2017-09-30,153,0
2017-09-30,154,0
2017-09-30,155,65
2017-09-30,156,88
2017-09-30,157,39
2017-09-30,158,42
2017-09-30,159,43
2017-09-30,160,30
2017-09-30,164,15
2017-09-30,166,0
2017-09-30,167,2
2017-09-30,169,0
2017-09-30,170,18
2017-09-30,171,10
2017-09-30,172,16
2017-09-30,173,23
2017-09-30,174,0
2017-09-30,175,14
2017-09-30,176,12
2017-09-30,177,2
2017-09-30,178,43
2017-09-30,182,3
2017-09-30,188,1
2017-09-30,189,18
2017-09-30,190,6
2017-09-30,191,13
2017-09-30,192,7
2017-09-30,193,31
2017-09-30,194,33
2017-09-30,195,40
2017-09-30,196,6
2017-09-30,197,17
2017-09-30,198,9
2017-09-30,199,63
2017-09-30,200,27
2017-09-30,201,37
2017-09-30,202,18
2017-09-30,203,10
2017-09-30,210,1
2017-09-30,211,7
2017-09-30,212,6
2017-09-30,213,41
2017-09-30,214,32
2017-09-30,215,16
2017-09-30,216,46
2017-09-30,217,36
2017-09-30,218,40
2017-09-30,219,3
2017-09-30,220,28
2017-09-30,221,4
2017-09-30,222,38
2017-09-30,223,56
2017-09-30,224,86
2017-09-30,225,69
2017-09-30,226,56
2017-09-30,232,22
2017-09-30,233,70
2017-09-30,234,38
2017-09-30,235,1
2017-09-30,236,0
2017-09-30,237,25
2017-09-30,238,63
2017-09-30,239,14
2017-09-30,240,86
2017-09-30,241,44
2017-09-30,242,2
2017-09-30,243,5
2017-09-30,244,33
2017-09-30,245,59
2017-09-30,246,2
2017-09-30,247,12
2017-09-30,255,54
2017-09-30,256,16
2017-09-30,257,13
2017-09-30,258,26
2017-09-30,259,1
2017-09-30,260,0
2017-09-30,261,0
2017-09-30,262,0
2017-09-30,264,1
2017-09-30,265,0
2017-09-30,277,2
2017-09-30,278,0
2017-09-30,279,0
2017-09-30,280,2
2017-09-30,281,29
2017-09-30,282,0
2017-09-30,284,21
2017-09-30,285,35
2017-09-30,286,0
2017-09-30,289,0
2017-09-30,299,25
2017-09-30,300,2
2017-09-30,301,0
2017-09-30,302,0
2017-09-30,303,6
2017-09-30,322,0
2017-09-30,323,0
2017-09-30,324,14
2017-09-30,325,18
2017-10-31,7,3
2017-10-31,8,1
2017-10-31,16,0
2017-10-31,17,21
2017-10-31,18,12
2017-10-31,19,4
2017-10-31,20,10
2017-10-31,21,11
2017-10-31,29,7
2017-10-31,30,18
2017-10-31,31,4
2017-10-31,32,35
2017-10-31,33,7
2017-10-31,40,9
2017-10-31,41,79
2017-10-31,42,53
2017-10-31,43,31
2017-10-31,44,50
2017-10-31,45,0
2017-10-31,52,6
2017-10-31,53,2
2017-10-31,54,17
2017-10-31,55,2
2017-10-31,56,0
2017-10-31,61,48
2017-10-31,62,40
2017-10-31,63,5
2017-10-31,64,1
2017-10-31,65,16
2017-10-31,66,24
2017-10-31,67,7
2017-10-31,68,44
2017-10-31,74,57
2017-10-31,75,21
2017-10-31,76,37
2017-10-31,77,46
2017-10-31,78,25
2017-10-31,79,15
2017-10-31,80,0
2017-10-31,81,53
2017-10-31,84,36
2017-10-31,85,33
2017-10-31,86,13
2017-10-31,87,10
2017-10-31,88,50
2017-10-31,89,8
2017-10-31,90,78
2017-10-31,91,39
2017-10-31,99,39
2017-10-31,100,15
2017-10-31,101,2
2017-10-31,102,6
2017-10-31,103,14
2017-10-31,104,51
2017-10-31,105,32
2017-10-31,106,54
2017-10-31,107,39
2017-10-31,108,9
2017-10-31,109,120
2017-10-31,110,59
2017-10-31,111,21
2017-10-31,112,2
2017-10-31,113,3
2017-10-31,114,0
2017-10-31,119,5
2017-10-31,120,0
2017-10-31,121,3
2017-10-31,122,17
2017-10-31,123,0
2017-10-31,124,31
2017-10-31,125,40
2017-10-31,126,21
2017-10-31,128,31
2017-10-31,129,47
2017-10-31,130,45
2017-10-31,131,50
2017-10-31,132,39
2017-10-31,133,1
2017-10-31,134,0
2017-10-31,135,49
2017-10-31,136,32
2017-10-31,137,33
2017-10-31,142,39
2017-10-31,143,62
2017-10-31,144,67
2017-10-31,145,109
2017-10-31,148,16
2017-10-31,149,1
2017-10-31,150,18
2017-10-31,151,17
2017-10-31,152,0
2017-10-31,153,0
2017-10-31,154,0
2017-10-31,155,59
2017-10-31,156,93
2017-10-31,157,26
2017-10-31,158,30
2017-10-31,159,49
2017-10-31,160,49
2017-10-31,164,27
2017-10-31,166,0
2017-10-31,167,0
2017-10-31,169,0
2017-10-31,170,16
2017-10-31,171,19
2017-10-31,172,38
2017-10-31,173,19
2017-10-31,174,0
2017-10-31,175,6
2017-10-31,176,4
2017-10-31,177,6
2017-10-31,178,37
2017-10-31,182,6
2017-10-31,188,3
2017-10-31,189,14
2017-10-31,190,6
2017-10-31,191,7
2017-10-31,192,10
2017-10-31,193,24
2017-10-31,194,40
2017-10-31,195,48
2017-10-31,196,5
2017-10-31,197,11
2017-10-31,198,7
2017-10-31,199,58
2017-10-31,200,21
2017-10-31,201,48
2017-10-31,202,30
2017-10-31,203,10
2017-10-31,210,3
2017-10-31,211,3
2017-10-31,212,8
2017-10-31,213,30
2017-10-31,214,27
2017-10-31,215,21
2017-10-31,216,33
2017-10-31,217,27
2017-10-31,218,49
2017-10-31,219,6
2017-10-31,220,31
2017-10-31,221,10
2017-10-31,222,42
2017-10-31,223,49
2017-10-31,224,73
2017-10-31,225,101
2017-10-31,226,67
2017-10-31,232,42
2017-10-31,233,70
2017-10-31,234,60
2017-10-31,235,2
2017-10-31,236,0
2017-10-31,237,28
2017-10-31,238,62
2017-10-31,239,6
2017-10-31,240,87
2017-10-31,241,40
2017-10-31,242,0
2017-10-31,243,14
2017-10-31,244,39
2017-10-31,245,59
2017-10-31,246,15
2017-10-31,247,12
2017-10-31,255,65
2017-10-31,256,15
2017-10-31,257,21
2017-10-31,258,25
2017-10-31,259,2
2017-10-31,260,0
2017-10-31,261,0
2017-10-31,262,0
2017-10-31,264,5
2017-10-31,265,0
2017-10-31,277,1
2017-10-31,278,0
2017-10-31,279,1
2017-10-31,280,3
2017-10-31,281,17
2017-10-31,282,0
2017-10-31,284,24
2017-10-31,285,33
2017-10-31,286,0
2017-10-31,289,0
2017-10-31,299,39
2017-10-31,300,0
2017-10-31,301,0
2017-10-31,302,0
2017-10-31,303,1
2017-10-31,322,0
2017-10-31,323,0
2017-10-31,324,8
2017-10-31,325,16
2017-11-30,7,0
2017-11-30,8,0
2017-11-30,16,0
2017-11-30,17,15
2017-11-30,18,16
2017-11-30,19,3
2017-11-30,20,8
2017-11-30,21,17
2017-11-30,29,11
2017-11-30,30,16
2017-11-30,31,8
2017-11-30,32,25
2017-11-30,33,2
2017-11-30,40,8
2017-11-30,41,69
2017-11-30,42,68
2017-11-30,43,36
2017-11-30,44,70
2017-11-30,45,1
2017-11-30,52,6
2017-11-30,53,1
2017-11-30,54,24
2017-11-30,55,1
2017-11-30,56,0
2017-11-30,61,36
2017-11-30,62,46
2017-11-30,63,6
2017-11-30,64,2
2017-11-30,65,10
2017-11-30,66,33
2017-11-30,67,10
2017-11-30,68,51
2017-11-30,74,40
2017-11-30,75,23
2017-11-30,76,42
2017-11-30,77,47
2017-11-30,78,39
2017-11-30,79,17
2017-11-30,80,0
2017-11-30,81,46
2017-11-30,84,38
2017-11-30,85,41
2017-11-30,86,13
2017-11-30,87,7
2017-11-30,88,70
2017-11-30,89,16
2017-11-30,90,85
2017-11-30,91,36
2017-11-30,99,51
2017-11-30,100,16
2017-11-30,101,8
2017-11-30,102,2
2017-11-30,103,25
2017-11-30,104,56
2017-11-30,105,26
2017-11-30,106,39
2017-11-30,107,48
2017-11-30,108,5
2017-11-30,109,101
2017-11-30,110,91
2017-11-30,111,24
2017-11-30,112,0
2017-11-30,113,3
2017-11-30,114,3
2017-11-30,119,7
2017-11-30,120,0
2017-11-30,121,1
2017-11-30,122,15
2017-11-30,123,2
2017-11-30,124,25
2017-11-30,125,31
2017-11-30,126,14
2017-11-30,128,32
2017-11-30,129,61
2017-11-30,130,64
2017-11-30,131,67
2017-11-30,132,35
2017-11-30,133,0
2017-11-30,134,0
2017-11-30,135,36
2017-11-30,136,40
2017-11-30,137,41
2017-11-30,142,35
2017-11-30,143,41
2017-11-30,144,70
2017-11-30,145,113
2017-11-30,148,11
2017-11-30,149,2
2017-11-30,150,14
2017-11-30,151,13
2017-11-30,152,0
2017-11-30,153,0
2017-11-30,154,0
2017-11-30,155,62
2017-11-30,156,67
2017-11-30,157,42
2017-11-30,158,56
2017-11-30,159,36
2017-11-30,160,49
2017-11-30,164,11
2017-11-30,166,0
2017-11-30,167,0
2017-11-30,169,0
2017-11-30,170,22
2017-11-30,171,24
2017-11-30,172,24
2017-11-30,173,20
2017-11-30,174,0
2017-11-30,175,10
2017-11-30,176,5
2017-11-30,177,9
2017-11-30,178,36
2017-11-30,182,1
2017-11-30,188,1
2017-11-30,189,18
2017-11-30,190,6
2017-11-30,191,10
2017-11-30,192,8
2017-11-30,193,34
2017-11-30,194,36
2017-11-30,195,41
2017-11-30,196,6
2017-11-30,197,12
2017-11-30,198,6
2017-11-30,199,46
2017-11-30,200,28
2017-11-30,201,60
2017-11-30,202,24
2017-11-30,203,5
2017-11-30,210,4
2017-11-30,211,10
2017-11-30,212,4
2017-11-30,213,39
2017-11-30,214,48
2017-11-30,215,18
2017-11-30,216,45
2017-11-30,217,52
2017-11-30,218,64
2017-11-30,219,6
2017-11-30,220,36
2017-11-30,221,8
2017-11-30,222,42
2017-11-30,223,47
2017-11-30,224,83
2017-11-30,225,95
2017-11-30,226,61
2017-11-30,232,37
2017-11-30,233,66
2017-11-30,234,37
2017-11-30,235,7
2017-11-30,236,0
2017-11-30,237,38
2017-11-30,238,52
2017-11-30,239,8
2017-11-30,240,80
2017-11-30,241,47
2017-11-30,242,0
2017-11-30,243,12
2017-11-30,244,38
2017-11-30,245,65
2017-11-30,246,8
2017-11-30,247,9
2017-11-30,255,63
2017-11-30,256,18
2017-11-30,257,15
2017-11-30,258,20
2017-11-30,259,0
2017-11-30,260,0
2017-11-30,261,0
2017-11-30,262,0
2017-11-30,264,1
2017-11-30,265,0
2017-11-30,277,6
2017-11-30,278,0
2017-11-30,279,0
2017-11-30,280,5
2017-11-30,281,12
2017-11-30,282,0
2017-11-30,284,18
2017-11-30,285,44
2017-11-30,286,0
2017-11-30,289,0
2017-11-30,299,26
2017-11-30,300,0
2017-11-30,301,2
2017-11-30,302,0
2017-11-30,303,0
2017-11-30,322,3
2017-11-30,323,0
2017-11-30,324,6
2017-11-30,325,28
2017-12-31,7,0
2017-12-31,8,1
2017-12-31,16,0
2017-12-31,17,10
2017-12-31,18,8
2017-12-31,19,2
2017-12-31,20,6
2017-12-31,21,15
2017-12-31,29,16
2017-12-31,30,17
2017-12-31,31,11
2017-12-31,32,33
2017-12-31,33,5
2017-12-31,40,7
2017-12-31,41,44
2017-12-31,42,53
2017-12-31,43,37
2017-12-31,44,58
2017-12-31,45,2
2017-12-31,52,2
2017-12-31,53,1
2017-12-31,54,16
2017-12-31,55,2
2017-12-31,56,1
2017-12-31,61,42
2017-12-31,62,35
2017-12-31,63,7
2017-12-31,64,1
2017-12-31,65,7
2017-12-31,66,25
2017-12-31,67,6
2017-12-31,68,56
2017-12-31,74,33
2017-12-31,75,36
2017-12-31,76,32
2017-12-31,77,43
2017-12-31,78,41
2017-12-31,79,15
2017-12-31,80,2
2017-12-31,81,57
2017-12-31,84,49
2017-12-31,85,46
2017-12-31,86,14
2017-12-31,87,7
2017-12-31,88,43
2017-12-31,89,8
2017-12-31,90,70
2017-12-31,91,40
2017-12-31,99,43
2017-12-31,100,18
2017-12-31,101,1
2017-12-31,102,3
2017-12-31,103,26
2017-12-31,104,48
2017-12-31,105,34
2017-12-31,106,41
2017-12-31,107,48
2017-12-31,108,5
2017-12-31,109,59
2017-12-31,110,53
2017-12-31,111,12
2017-12-31,112,3
2017-12-31,113,1
2017-12-31,114,6
2017-12-31,119,23
2017-12-31,120,0
2017-12-31,121,3
2017-12-31,122,24
2017-12-31,123,1
2017-12-31,124,21
2017-12-31,125,35
2017-12-31,126,34
2017-12-31,128,25
2017-12-31,129,31
2017-12-31,130,43
2017-12-31,131,39
2017-12-31,132,25
2017-12-31,133,0
2017-12-31,134,0
2017-12-31,135,27
2017-12-31,136,23
2017-12-31,137,40
2017-12-31,142,18
2017-12-31,143,52
2017-12-31,144,59
2017-12-31,145,85
2017-12-31,148,7
2017-12-31,149,2
2017-12-31,150,7
2017-12-31,151,14
2017-12-31,152,1
2017-12-31,153,0
2017-12-31,154,0
2017-12-31,155,52
2017-12-31,156,73
2017-12-31,157,34
2017-12-31,158,36
2017-12-31,159,47
2017-12-31,160,52
2017-12-31,164,12
2017-12-31,166,0
2017-12-31,167,1
2017-12-31,169,0
2017-12-31,170,14
2017-12-31,171,27
2017-12-31,172,21
2017-12-31,173,36
2017-12-31,174,0
2017-12-31,175,10
2017-12-31,176,12
2017-12-31,177,9
2017-12-31,178,33
2017-12-31,182,4
2017-12-31,188,3
2017-12-31,189,9
2017-12-31,190,10
2017-12-31,191,5
2017-12-31,192,3
2017-12-31,193,38
2017-12-31,194,30
2017-12-31,195,44
2017-12-31,196,7
2017-12-31,197,15
2017-12-31,198,10
2017-12-31,199,49
2017-12-31,200,34
2017-12-31,201,52
2017-12-31,202,29
2017-12-31,203,6
2017-12-31,210,0
2017-12-31,211,6
2017-12-31,212,7
2017-12-31,213,37
2017-12-31,214,34
2017-12-31,215,14
2017-12-31,216,45
2017-12-31,217,34
2017-12-31,218,60
2017-12-31,219,8
2017-12-31,220,15
2017-12-31,221,6
2017-12-31,222,49
2017-12-31,223,46
2017-12-31,224,65
2017-12-31,225,75
2017-12-31,226,71
2017-12-31,232,29
2017-12-31,233,69
2017-12-31,234,35
2017-12-31,235,9
2017-12-31,236,1
2017-12-31,237,37
2017-12-31,238,40
2017-12-31,239,8
2017-12-31,240,79
2017-12-31,241,51
2017-12-31,242,0
2017-12-31,243,13
2017-12-31,244,34
2017-12-31,245,61
2017-12-31,246,5
2017-12-31,247,6
2017-12-31,255,46
2017-12-31,256,14
2017-12-31,257,12
2017-12-31,258,16
2017-12-31,259,2
2017-12-31,260,0
2017-12-31,261,1
2017-12-31,262,0
2017-12-31,264,0
2017-12-31,265,1
2017-12-31,277,8
2017-12-31,278,0
2017-12-31,279,0
2017-12-31,280,5
2017-12-31,281,21
2017-12-31,282,0
2017-12-31,284,15
2017-12-31,285,38
2017-12-31,286,0
2017-12-31,289,0
2017-12-31,299,35
2017-12-31,300,0
2017-12-31,301,2
2017-12-31,302,0
2017-12-31,303,4
2017-12-31,322,2
2017-12-31,323,1
2017-12-31,324,7
2017-12-31,325,20
2018-01-31,7,0
2018-01-31,8,0
2018-01-31,16,0
2018-01-31,17,21
2018-01-31,18,8
2018-01-31,19,3
2018-01-31,20,10
2018-01-31,21,19
2018-01-31,29,13
2018-01-31,30,7
2018-01-31,31,8
2018-01-31,32,16
2018-01-31,33,1
2018-01-31,40,4
2018-01-31,41,49
2018-01-31,42,69
2018-01-31,43,40
2018-01-31,44,49
2018-01-31,45,1
2018-01-31,52,3
2018-01-31,53,2
2018-01-31,54,29
2018-01-31,55,0
2018-01-31,56,0
2018-01-31,61,47
2018-01-31,62,38
2018-01-31,63,13
2018-01-31,64,3
2018-01-31,65,8
2018-01-31,66,51
2018-01-31,67,3
2018-01-31,68,42
2018-01-31,74,31
2018-01-31,75,26
2018-01-31,76,20
2018-01-31,77,46
2018-01-31,78,46
2018-01-31,79,17
2018-01-31,80,2
2018-01-31,81,45
2018-01-31,84,51
2018-01-31,85,43
2018-01-31,86,24
2018-01-31,87,13
2018-01-31,88,42
2018-01-31,89,12
2018-01-31,90,89
2018-01-31,91,34
2018-01-31,99,58
2018-01-31,100,25
2018-01-31,101,0
2018-01-31,102,13
2018-01-31,103,20
2018-01-31,104,54
2018-01-31,105,41
2018-01-31,106,35
2018-01-31,107,46
2018-01-31,108,7
2018-01-31,109,66
2018-01-31,110,70
2018-01-31,111,14
2018-01-31,112,1
2018-01-31,113,1
2018-01-31,114,2
2018-01-31,119,27
2018-01-31,120,1
2018-01-31,121,12
2018-01-31,122,21
2018-01-31,123,0
2018-01-31,124,29
2018-01-31,125,36
2018-01-31,126,22
2018-01-31,128,24
2018-01-31,129,41
2018-01-31,130,44
2018-01-31,131,50
2018-01-31,132,28
2018-01-31,133,1
2018-01-31,134,0
2018-01-31,135,39
2018-01-31,136,33
2018-01-31,137,53
2018-01-31,142,60
2018-01-31,143,60
2018-01-31,144,62
2018-01-31,145,82
2018-01-31,148,11
2018-01-31,149,5
2018-01-31,150,15
2018-01-31,151,26
2018-01-31,152,1
2018-01-31,153,0
2018-01-31,154,1
2018-01-31,155,43
2018-01-31,156,93
2018-01-31,157,41
2018-01-31,158,36
2018-01-31,159,46
2018-01-31,160,45
2018-01-31,164,11
2018-01-31,166,0
2018-01-31,167,1
2018-01-31,169,0
2018-01-31,170,14
2018-01-31,171,34
2018-01-31,172,19
2018-01-31,173,39
2018-01-31,174,0
2018-01-31,175,14
2018-01-31,176,7
2018-01-31,177,8
2018-01-31,178,36
2018-01-31,182,3
2018-01-31,188,3
2018-01-31,189,17
2018-01-31,190,13
2018-01-31,191,2
2018-01-31,192,8
2018-01-31,193,54
2018-01-31,194,48
2018-01-31,195,52
2018-01-31,196,11
2018-01-31,197,26
2018-01-31,198,6
2018-01-31,199,53
2018-01-31,200,18
2018-01-31,201,64
2018-01-31,202,31
2018-01-31,203,13
2018-01-31,210,2
2018-01-31,211,6
2018-01-31,212,5
2018-01-31,213,26
2018-01-31,214,33
2018-01-31,215,20
2018-01-31,216,35
2018-01-31,217,52
2018-01-31,218,85
2018-01-31,219,18
2018-01-31,220,23
2018-01-31,221,15
2018-01-31,222,30
2018-01-31,223,56
2018-01-31,224,99
2018-01-31,225,92
2018-01-31,226,72
2018-01-31,232,28
2018-01-31,233,70
2018-01-31,234,31
2018-01-31,235,10
2018-01-31,236,1
2018-01-31,237,41
2018-01-31,238,61
2018-01-31,239,11
2018-01-31,240,102
2018-01-31,241,29
2018-01-31,242,0
2018-01-31,243,14
2018-01-31,244,46
2018-01-31,245,67
2018-01-31,246,7
2018-01-31,247,7
2018-01-31,255,48
2018-01-31,256,11
2018-01-31,257,17
2018-01-31,258,11
2018-01-31,259,6
2018-01-31,260,0
2018-01-31,261,0
2018-01-31,262,0
2018-01-31,264,0
2018-01-31,265,0
2018-01-31,277,1
2018-01-31,278,0
2018-01-31,279,1
2018-01-31,280,1
2018-01-31,281,17
2018-01-31,282,0
2018-01-31,284,16
2018-01-31,285,40
2018-01-31,286,0
2018-01-31,289,0
2018-01-31,299,25
2018-01-31,300,0
2018-01-31,301,1
2018-01-31,302,3
2018-01-31,303,5
2018-01-31,322,0
2018-01-31,323,1
2018-01-31,324,5
2018-01-31,325,17
2018-02-28,7,0
2018-02-28,8,0
2018-02-28,16,0
2018-02-28,17,7
2018-02-28,18,9
2018-02-28,19,2
2018-02-28,20,7
2018-02-28,21,6
2018-02-28,29,9
2018-02-28,30,22
2018-02-28,31,4
2018-02-28,32,36
2018-02-28,33,0
2018-02-28,40,5
2018-02-28,41,46
2018-02-28,42,50
2018-02-28,43,39
2018-02-28,44,46
2018-02-28,45,1
2018-02-28,52,0
2018-02-28,53,0
2018-02-28,54,15
2018-02-28,55,2
2018-02-28,56,0
2018-02-28,61,49
2018-02-28,62,48
2018-02-28,63,7
2018-02-28,64,0
2018-02-28,65,8
2018-02-28,66,21
2018-02-28,67,4
2018-02-28,68,29
2018-02-28,74,29
2018-02-28,75,20
2018-02-28,76,29
2018-02-28,77,32
2018-02-28,78,29
2018-02-28,79,16
2018-02-28,80,1
2018-02-28,81,31
2018-02-28,84,37
2018-02-28,85,34
2018-02-28,86,16
2018-02-28,87,7
2018-02-28,88,32
2018-02-28,89,18
2018-02-28,90,66
2018-02-28,91,47
2018-02-28,99,51
2018-02-28,100,16
2018-02-28,101,0
2018-02-28,102,8
2018-02-28,103,14
2018-02-28,104,31
2018-02-28,105,20
2018-02-28,106,30
2018-02-28,107,35
2018-02-28,108,13
2018-02-28,109,75
2018-02-28,110,49
2018-02-28,111,16
2018-02-28,112,0
2018-02-28,113,1
2018-02-28,114,4
2018-02-28,119,16
2018-02-28,120,0
2018-02-28,121,11
2018-02-28,122,11
2018-02-28,123,0
2018-02-28,124,25
2018-02-28,125,45
2018-02-28,126,14
2018-02-28,128,18
2018-02-28,129,32
2018-02-28,130,43
2018-02-28,131,56
2018-02-28,132,33
2018-02-28,133,0
2018-02-28,134,0
2018-02-28,135,23
2018-02-28,136,44
2018-02-28,137,36
2018-02-28,142,44
2018-02-28,143,43
2018-02-28,144,62
2018-02-28,145,87
2018-02-28,148,2
2018-02-28,149,6
2018-02-28,150,8
2018-02-28,151,16
2018-02-28,152,0
2018-02-28,153,0
2018-02-28,154,0
2018-02-28,155,49
2018-02-28,156,59
2018-02-28,157,45
2018-02-28,158,26
2018-02-28,159,39
2018-02-28,160,26
2018-02-28,164,7
2018-02-28,166,1
2018-02-28,167,2
2018-02-28,169,0
2018-02-28,170,10
2018-02-28,171,17
2018-02-28,172,20
2018-02-28,173,47
2018-02-28,174,0
2018-02-28,175,6
2018-02-28,176,16
2018-02-28,177,6
2018-02-28,178,44
2018-02-28,182,0
2018-02-28,188,2
2018-02-28,189,13
2018-02-28,190,4
2018-02-28,191,2
2018-02-28,192,3
2018-02-28,193,26
2018-02-28,194,29
2018-02-28,195,26
2018-02-28,196,5
2018-02-28,197,22
2018-02-28,198,5
2018-02-28,199,30
2018-02-28,200,28
2018-02-28,201,44
2018-02-28,202,16
2018-02-28,203,4
2018-02-28,210,6
2018-02-28,211,3
2018-02-28,212,11
2018-02-28,213,28
2018-02-28,214,19
2018-02-28,215,10
2018-02-28,216,32
2018-02-28,217,26
2018-02-28,218,56
2018-02-28,219,12
2018-02-28,220,20
2018-02-28,221,7
2018-02-28,222,34
2018-02-28,223,31
2018-02-28,224,74
2018-02-28,225,72
2018-02-28,226,52
2018-02-28,232,34
2018-02-28,233,57
2018-02-28,234,24
2018-02-28,235,4
2018-02-28,236,3
2018-02-28,237,32
2018-02-28,238,65
2018-02-28,239,2
2018-02-28,240,92
2018-02-28,241,29
2018-02-28,242,1
2018-02-28,243,7
2018-02-28,244,50
2018-02-28,245,53
2018-02-28,246,9
2018-02-28,247,18
2018-02-28,255,62
2018-02-28,256,8
2018-02-28,257,18
2018-02-28,258,12
2018-02-28,259,1
2018-02-28,260,0
2018-02-28,261,1
2018-02-28,262,0
2018-02-28,264,5
2018-02-28,265,0
2018-02-28,277,3
2018-02-28,278,2
2018-02-28,279,0
2018-02-28,280,2
2018-02-28,281,14
2018-02-28,282,0
2018-02-28,284,14
2018-02-28,285,31
2018-02-28,286,0
2018-02-28,289,0
2018-02-28,299,32
2018-02-28,300,0
2018-02-28,301,0
2018-02-28,302,0
2018-02-28,303,6
2018-02-28,322,0
2018-02-28,323,1
2018-02-28,324,7
2018-02-28,325,21
2018-03-31,7,0
2018-03-31,8,0
2018-03-31,16,0
2018-03-31,17,15
2018-03-31,18,10
2018-03-31,19,7
2018-03-31,20,6
2018-03-31,21,13
2018-03-31,29,10
2018-03-31,30,12
2018-03-31,31,6
2018-03-31,32,19
2018-03-31,33,6
2018-03-31,40,4
2018-03-31,41,61
2018-03-31,42,29
2018-03-31,43,38
2018-03-31,44,44
2018-03-31,45,0
2018-03-31,52,6
2018-03-31,53,1
2018-03-31,54,16
2018-03-31,55,4
2018-03-31,56,1
2018-03-31,61,33
2018-03-31,62,35
2018-03-31,63,11
2018-03-31,64,3
2018-03-31,65,9
2018-03-31,66,25
2018-03-31,67,3
2018-03-31,68,49
2018-03-31,74,41
2018-03-31,75,22
2018-03-31,76,12
2018-03-31,77,43
2018-03-31,78,31
2018-03-31,79,23
2018-03-31,80,1
2018-03-31,81,45
2018-03-31,84,35
2018-03-31,85,48
2018-03-31,86,22
2018-03-31,87,13
2018-03-31,88,33
2018-03-31,89,12
2018-03-31,90,59
2018-03-31,91,32
2018-03-31,99,33
2018-03-31,100,15
2018-03-31,101,1
2018-03-31,102,6
2018-03-31,103,16
2018-03-31,104,47
2018-03-31,105,36
2018-03-31,106,32
2018-03-31,107,45
2018-03-31,108,6
2018-03-31,109,67
2018-03-31,110,46
2018-03-31,111,6
2018-03-31,112,3
2018-03-31,113,1
2018-03-31,114,4
2018-03-31,119,11
2018-03-31,120,0
2018-03-31,121,10
2018-03-31,122,13
2018-03-31,123,0
2018-03-31,124,20
2018-03-31,125,26
2018-03-31,126,18
2018-03-31,128,18
2018-03-31,129,33
2018-03-31,130,38
2018-03-31,131,50
2018-03-31,132,29
2018-03-31,133,1
2018-03-31,134,0
2018-03-31,135,30
2018-03-31,136,14
2018-03-31,137,38
2018-03-31,142,34
2018-03-31,143,57
2018-03-31,144,66
2018-03-31,145,75
2018-03-31,148,2
2018-03-31,149,1
2018-03-31,150,11
2018-03-31,151,21
2018-03-31,152,2
2018-03-31,153,0
2018-03-31,154,0
2018-03-31,155,52
2018-03-31,156,62
2018-03-31,157,39
2018-03-31,158,19
2018-03-31,159,33
2018-03-31,160,33
2018-03-31,164,13
2018-03-31,166,0
2018-03-31,167,1
2018-03-31,169,0
2018-03-31,170,15
2018-03-31,171,29
2018-03-31,172,11
2018-03-31,173,24
2018-03-31,174,0
2018-03-31,175,5
2018-03-31,176,6
2018-03-31,177,6
2018-03-31,178,39
2018-03-31,182,0
2018-03-31,188,5
2018-03-31,189,15
2018-03-31,190,7
2018-03-31,191,6
2018-03-31,192,4
2018-03-31,193,30
2018-03-31,194,34
2018-03-31,195,43
2018-03-31,196,5
2018-03-31,197,10
2018-03-31,198,3
2018-03-31,199,34
2018-03-31,200,17
2018-03-31,201,45
2018-03-31,202,18
2018-03-31,203,4
2018-03-31,210,1
2018-03-31,211,1
2018-03-31,212,10
2018-03-31,213,19
2018-03-31,214,26
2018-03-31,215,8
2018-03-31,216,39
2018-03-31,217,43
2018-03-31,218,51
2018-03-31,219,6
2018-03-31,220,9
2018-03-31,221,4
2018-03-31,222,32
2018-03-31,223,48
2018-03-31,224,69
2018-03-31,225,71
2018-03-31,226,61
2018-03-31,232,31
2018-03-31,233,84
2018-03-31,234,23
2018-03-31,235,7
2018-03-31,236,1
2018-03-31,237,32
2018-03-31,238,53
2018-03-31,239,5
2018-03-31,240,90
2018-03-31,241,38
2018-03-31,242,0
2018-03-31,243,11
2018-03-31,244,46
2018-03-31,245,51
2018-03-31,246,3
2018-03-31,247,11
2018-03-31,255,46
2018-03-31,256,7
2018-03-31,257,12
2018-03-31,258,13
2018-03-31,259,1
2018-03-31,260,0
2018-03-31,261,0
2018-03-31,262,0
2018-03-31,264,0
2018-03-31,265,0
2018-03-31,277,3
2018-03-31,278,0
2018-03-31,279,3
2018-03-31,280,2
2018-03-31,281,18
2018-03-31,282,0
2018-03-31,284,19
2018-03-31,285,33
2018-03-31,286,0
2018-03-31,289,0
2018-03-31,299,33
2018-03-31,300,0
2018-03-31,301,0
2018-03-31,302,1
2018-03-31,303,4
2018-03-31,322,1
2018-03-31,323,1
2018-03-31,324,2
2018-03-31,325,16
2018-04-30,7,0
2018-04-30,8,1
2018-04-30,16,0
2018-04-30,17,11
2018-04-30,18,10
2018-04-30,19,1
2018-04-30,20,8
2018-04-30,21,13
2018-04-30,29,3
2018-04-30,30,10
2018-04-30,31,7
2018-04-30,32,22
2018-04-30,33,6
2018-04-30,40,4
2018-04-30,41,41
2018-04-30,42,73
2018-04-30,43,34
2018-04-30,44,74
2018-04-30,45,1
2018-04-30,52,1
2018-04-30,53,0
2018-04-30,54,22
2018-04-30,55,4
2018-04-30,56,0
2018-04-30,61,42
2018-04-30,62,40
2018-04-30,63,13
2018-04-30,64,6
2018-04-30,65,5
2018-04-30,66,34
2018-04-30,67,6
2018-04-30,68,40
2018-04-30,74,30
2018-04-30,75,27
2018-04-30,76,40
2018-04-30,77,54
2018-04-30,78,26
2018-04-30,79,21
2018-04-30,80,1
2018-04-30,81,38
2018-04-30,84,40
2018-04-30,85,34
2018-04-30,86,14
2018-04-30,87,11
2018-04-30,88,55
2018-04-30,89,7
2018-04-30,90,128
2018-04-30,91,45
2018-04-30,99,50
2018-04-30,100,35
2018-04-30,101,3
2018-04-30,102,4
2018-04-30,103,21
2018-04-30,104,46
2018-04-30,105,37
2018-04-30,106,17
2018-04-30,107,36
2018-04-30,108,6
2018-04-30,109,114
2018-04-30,110,46
2018-04-30,111,16
2018-04-30,112,1
2018-04-30,113,1
2018-04-30,114,4
2018-04-30,119,11
2018-04-30,120,1
2018-04-30,121,5
2018-04-30,122,12
2018-04-30,123,1
2018-04-30,124,20
2018-04-30,125,35
2018-04-30,126,18
2018-04-30,128,28
2018-04-30,129,75
2018-04-30,130,68
2018-04-30,131,69
2018-04-30,132,39
2018-04-30,133,0
2018-04-30,134,1
2018-04-30,135,23
2018-04-30,136,19
2018-04-30,137,32
2018-04-30,142,45
2018-04-30,143,57
2018-04-30,144,61
2018-04-30,145,116
2018-04-30,148,10
2018-04-30,149,7
2018-04-30,150,9
2018-04-30,151,21
2018-04-30,152,2
2018-04-30,153,0
2018-04-30,154,0
2018-04-30,155,47
2018-04-30,156,80
2018-04-30,157,32
2018-04-30,158,61
2018-04-30,159,23
2018-04-30,160,54
2018-04-30,164,14
2018-04-30,166,0
2018-04-30,167,0
2018-04-30,169,0
2018-04-30,170,10
2018-04-30,171,32
2018-04-30,172,24
2018-04-30,173,31
2018-04-30,174,0
2018-04-30,175,6
2018-04-30,176,12
2018-04-30,177,14
2018-04-30,178,24
2018-04-30,182,2
2018-04-30,188,2
2018-04-30,189,12
2018-04-30,190,15
2018-04-30,191,6
2018-04-30,192,5
2018-04-30,193,36
2018-04-30,194,31
2018-04-30,195,22
2018-04-30,196,7
2018-04-30,197,21
2018-04-30,198,9
2018-04-30,199,40
2018-04-30,200,27
2018-04-30,201,40
2018-04-30,202,22
2018-04-30,203,5
2018-04-30,210,3
2018-04-30,211,7
2018-04-30,212,6
2018-04-30,213,37
2018-04-30,214,44
2018-04-30,215,15
2018-04-30,216,33
2018-04-30,217,38
2018-04-30,218,56
2018-04-30,219,9
2018-04-30,220,47
2018-04-30,221,4
2018-04-30,222,41
2018-04-30,223,64
2018-04-30,224,72
2018-04-30,225,112
2018-04-30,226,59
2018-04-30,232,32
2018-04-30,233,67
2018-04-30,234,30
2018-04-30,235,6
2018-04-30,236,3
2018-04-30,237,42
2018-04-30,238,41
2018-04-30,239,6
2018-04-30,240,82
2018-04-30,241,32
2018-04-30,242,0
2018-04-30,243,12
2018-04-30,244,50
2018-04-30,245,91
2018-04-30,246,4
2018-04-30,247,12
2018-04-30,255,55
2018-04-30,256,12
2018-04-30,257,9
2018-04-30,258,21
2018-04-30,259,2
2018-04-30,260,0
2018-04-30,261,0
2018-04-30,262,1
2018-04-30,264,0
2018-04-30,265,0
2018-04-30,277,5
2018-04-30,278,0
2018-04-30,279,0
2018-04-30,280,1
2018-04-30,281,12
2018-04-30,282,0
2018-04-30,284,22
2018-04-30,285,36
2018-04-30,286,0
2018-04-30,289,0
2018-04-30,299,35
2018-04-30,300,0
2018-04-30,301,2
2018-04-30,302,0
2018-04-30,303,6
2018-04-30,322,1
2018-04-30,323,2
2018-04-30,324,10
2018-04-30,325,25
2018-05-31,7,0
2018-05-31,8,1
2018-05-31,16,0
2018-05-31,17,16
2018-05-31,18,6
2018-05-31,19,3
2018-05-31,20,8
2018-05-31,21,19
2018-05-31,29,4
2018-05-31,30,19
2018-05-31,31,6
2018-05-31,32,23
2018-05-31,33,5
2018-05-31,40,4
2018-05-31,41,50
2018-05-31,42,81
2018-05-31,43,51
2018-05-31,44,85
2018-05-31,45,1
2018-05-31,52,2
2018-05-31,53,2
2018-05-31,54,22
2018-05-31,55,4
2018-05-31,56,1
2018-05-31,61,60
2018-05-31,62,39
2018-05-31,63,6
2018-05-31,64,2
2018-05-31,65,6
2018-05-31,66,31
2018-05-31,67,4
2018-05-31,68,45
2018-05-31,74,50
2018-05-31,75,30
2018-05-31,76,40
2018-05-31,77,43
2018-05-31,78,40
2018-05-31,79,19
2018-05-31,80,1
2018-05-31,81,37
2018-05-31,84,40
2018-05-31,85,48
2018-05-31,86,17
2018-05-31,87,12
2018-05-31,88,77
2018-05-31,89,15
2018-05-31,90,120
2018-05-31,91,49
2018-05-31,99,49
2018-05-31,100,14
2018-05-31,101,0
2018-05-31,102,9
2018-05-31,103,27
2018-05-31,104,46
2018-05-31,105,31
2018-05-31,106,26
2018-05-31,107,45
2018-05-31,108,4
2018-05-31,109,123
2018-05-31,110,57
2018-05-31,111,12
2018-05-31,112,2
2018-05-31,113,3
2018-05-31,114,3
2018-05-31,119,10
2018-05-31,120,0
2018-05-31,121,10
2018-05-31,122,22
2018-05-31,123,1
2018-05-31,124,20
2018-05-31,125,42
2018-05-31,126,23
2018-05-31,128,17
2018-05-31,129,43
2018-05-31,130,68
2018-05-31,131,58
2018-05-31,132,28
2018-05-31,133,0
2018-05-31,134,0
2018-05-31,135,35
2018-05-31,136,27
2018-05-31,137,63
2018-05-31,142,46
2018-05-31,143,73
2018-05-31,144,73
2018-05-31,145,125
2018-05-31,148,7
2018-05-31,149,4
2018-05-31,150,9
2018-05-31,151,28
2018-05-31,152,1
2018-05-31,153,1
2018-05-31,154,0
2018-05-31,155,58
2018-05-31,156,81
2018-05-31,157,36
2018-05-31,158,56
2018-05-31,159,42
2018-05-31,160,42
2018-05-31,164,20
2018-05-31,166,1
2018-05-31,167,3
2018-05-31,169,0
2018-05-31,170,23
2018-05-31,171,34
2018-05-31,172,18
2018-05-31,173,34
2018-05-31,174,0
2018-05-31,175,12
2018-05-31,176,5
2018-05-31,177,9
2018-05-31,178,34
2018-05-31,182,1
2018-05-31,188,3
2018-05-31,189,20
2018-05-31,190,12
2018-05-31,191,7
2018-05-31,192,7
2018-05-31,193,32
2018-05-31,194,38
2018-05-31,195,42
2018-05-31,196,9
2018-05-31,197,20
2018-05-31,198,13
2018-05-31,199,47
2018-05-31,200,13
2018-05-31,201,38
2018-05-31,202,22
2018-05-31,203,5
2018-05-31,210,4
2018-05-31,211,1
2018-05-31,212,13
2018-05-31,213,29
2018-05-31,214,46
2018-05-31,215,18
2018-05-31,216,37
2018-05-31,217,45
2018-05-31,218,49
2018-05-31,219,9
2018-05-31,220,27
2018-05-31,221,6
2018-05-31,222,45
2018-05-31,223,55
2018-05-31,224,86
2018-05-31,225,103
2018-05-31,226,60
2018-05-31,232,35
2018-05-31,233,86
2018-05-31,234,32
2018-05-31,235,4
2018-05-31,236,0
2018-05-31,237,31
2018-05-31,238,58
2018-05-31,239,12
2018-05-31,240,102
2018-05-31,241,40
2018-05-31,242,0
2018-05-31,243,8
2018-05-31,244,47
2018-05-31,245,57
2018-05-31,246,5
2018-05-31,247,15
2018-05-31,255,55
2018-05-31,256,10
2018-05-31,257,13
2018-05-31,258,15
2018-05-31,259,1
2018-05-31,260,1
2018-05-31,261,1
2018-05-31,262,0
2018-05-31,264,2
2018-05-31,265,0
2018-05-31,277,4
2018-05-31,278,0
2018-05-31,279,1
2018-05-31,280,0
2018-05-31,281,19
2018-05-31,282,0
2018-05-31,284,21
2018-05-31,285,41
2018-05-31,286,0
2018-05-31,289,0
2018-05-31,299,36
2018-05-31,300,0
2018-05-31,301,2
2018-05-31,302,2
2018-05-31,303,3
2018-05-31,322,0
2018-05-31,323,0
2018-05-31,324,11
2018-05-31,325,25
2018-06-30,7,0
2018-06-30,8,3
2018-06-30,16,0
2018-06-30,17,14
2018-06-30,18,12
2018-06-30,19,5
2018-06-30,20,10
2018-06-30,21,17
2018-06-30,29,9
2018-06-30,30,18
2018-06-30,31,3
2018-06-30,32,19
2018-06-30,33,6
2018-06-30,40,5
2018-06-30,41,75
2018-06-30,42,73
2018-06-30,43,47
2018-06-30,44,77
2018-06-30,45,1
2018-06-30,52,9
2018-06-30,53,1
2018-06-30,54,22
2018-06-30,55,1
2018-06-30,56,0
2018-06-30,61,44
2018-06-30,62,44
2018-06-30,63,4
2018-06-30,64,1
2018-06-30,65,4
2018-06-30,66,32
2018-06-30,67,3
2018-06-30,68,36
2018-06-30,74,52
2018-06-30,75,35
2018-06-30,76,17
2018-06-30,77,39
2018-06-30,78,39
2018-06-30,79,21
2018-06-30,80,1
2018-06-30,81,51
2018-06-30,84,40
2018-06-30,85,43
2018-06-30,86,23
2018-06-30,87,8
2018-06-30,88,70
2018-06-30,89,15
2018-06-30,90,102
2018-06-30,91,45
2018-06-30,99,55
2018-06-30,100,17
2018-06-30,101,3
2018-06-30,102,4
2018-06-30,103,10
2018-06-30,104,36
2018-06-30,105,30
2018-06-30,106,25
2018-06-30,107,31
2018-06-30,108,5
2018-06-30,109,103
2018-06-30,110,65
2018-06-30,111,8
2018-06-30,112,2
2018-06-30,113,1
2018-06-30,114,5
2018-06-30,119,15
2018-06-30,120,1
2018-06-30,121,4
2018-06-30,122,19
2018-06-30,123,1
2018-06-30,124,21
2018-06-30,125,23
2018-06-30,126,15
2018-06-30,128,21
2018-06-30,129,59
2018-06-30,130,69
2018-06-30,131,60
2018-06-30,132,30
2018-06-30,133,0
2018-06-30,134,0
2018-06-30,135,38
2018-06-30,136,25
2018-06-30,137,19
2018-06-30,142,48
2018-06-30,143,56
2018-06-30,144,87
2018-06-30,145,112
2018-06-30,148,15
2018-06-30,149,4
2018-06-30,150,12
2018-06-30,151,24
2018-06-30,152,1
2018-06-30,153,0
2018-06-30,154,0
2018-06-30,155,48
2018-06-30,156,78
2018-06-30,157,44
2018-06-30,158,47
2018-06-30,159,40
2018-06-30,160,43
2018-06-30,164,21
2018-06-30,166,0
2018-06-30,167,1
2018-06-30,169,0
2018-06-30,170,20
2018-06-30,171,24
2018-06-30,172,26
2018-06-30,173,28
2018-06-30,174,0
2018-06-30,175,9
2018-06-30,176,7
2018-06-30,177,9
2018-06-30,178,28
2018-06-30,182,4
2018-06-30,188,5
2018-06-30,189,13
2018-06-30,190,8
2018-06-30,191,5
2018-06-30,192,5
2018-06-30,193,41
2018-06-30,194,30
2018-06-30,195,45
2018-06-30,196,11
2018-06-30,197,19
2018-06-30,198,8
2018-06-30,199,48
2018-06-30,200,26
2018-06-30,201,52
2018-06-30,202,20
2018-06-30,203,5
2018-06-30,210,1
2018-06-30,211,0
2018-06-30,212,4
2018-06-30,213,21
2018-06-30,214,47
2018-06-30,215,14
2018-06-30,216,52
2018-06-30,217,48
2018-06-30,218,64
2018-06-30,219,6
2018-06-30,220,24
2018-06-30,221,8
2018-06-30,222,57
2018-06-30,223,62
2018-06-30,224,93
2018-06-30,225,102
2018-06-30,226,56
2018-06-30,232,35
2018-06-30,233,68
2018-06-30,234,30
2018-06-30,235,3
2018-06-30,236,3
2018-06-30,237,55
2018-06-30,238,70
2018-06-30,239,14
2018-06-30,240,96
2018-06-30,241,55
2018-06-30,242,0
2018-06-30,243,10
2018-06-30,244,67
2018-06-30,245,73
2018-06-30,246,6
2018-06-30,247,10
2018-06-30,255,67
2018-06-30,256,4
2018-06-30,257,12
2018-06-30,258,14
2018-06-30,259,1
2018-06-30,260,1
2018-06-30,261,0
2018-06-30,262,0
2018-06-30,264,0
2018-06-30,265,0
2018-06-30,277,4
2018-06-30,278,2
2018-06-30,279,1
2018-06-30,280,1
2018-06-30,281,20
2018-06-30,282,0
2018-06-30,284,23
2018-06-30,285,35
2018-06-30,286,0
2018-06-30,289,0
2018-06-30,299,18
2018-06-30,300,0
2018-06-30,301,2
2018-06-30,302,0
2018-06-30,303,5
2018-06-30,322,0
2018-06-30,323,1
2018-06-30,324,4
2018-06-30,325,18
2018-07-31,7,0
2018-07-31,8,0
2018-07-31,16,0
2018-07-31,17,14
2018-07-31,18,10
2018-07-31,19,1
2018-07-31,20,11
2018-07-31,21,19
2018-07-31,29,11
2018-07-31,30,22
2018-07-31,31,3
2018-07-31,32,24
2018-07-31,33,3
2018-07-31,40,5
2018-07-31,41,54
2018-07-31,42,71
2018-07-31,43,48
2018-07-31,44,57
2018-07-31,45,1
2018-07-31,52,0
2018-07-31,53,0
2018-07-31,54,48
2018-07-31,55,1
2018-07-31,56,1
2018-07-31,61,52
2018-07-31,62,38
2018-07-31,63,8
2018-07-31,64,2
2018-07-31,65,5
2018-07-31,66,46
2018-07-31,67,1
2018-07-31,68,49
2018-07-31,74,36
2018-07-31,75,38
2018-07-31,76,28
2018-07-31,77,31
2018-07-31,78,28
2018-07-31,79,8
2018-07-31,80,0
2018-07-31,81,43
2018-07-31,84,48
2018-07-31,85,31
2018-07-31,86,33
2018-07-31,87,10
2018-07-31,88,41
2018-07-31,89,9
2018-07-31,90,114
2018-07-31,91,47
2018-07-31,99,52
2018-07-31,100,23
2018-07-31,101,1
2018-07-31,102,8
2018-07-31,103,22
2018-07-31,104,56
2018-07-31,105,40
2018-07-31,106,29
2018-07-31,107,43
2018-07-31,108,11
2018-07-31,109,115
2018-07-31,110,54
2018-07-31,111,12
2018-07-31,112,0
2018-07-31,113,0
2018-07-31,114,5
2018-07-31,119,14
2018-07-31,120,0
2018-07-31,121,6
2018-07-31,122,40
2018-07-31,123,2
2018-07-31,124,16
2018-07-31,125,44
2018-07-31,126,11
2018-07-31,128,20
2018-07-31,129,48
2018-07-31,130,58
2018-07-31,131,55
2018-07-31,132,21
2018-07-31,133,0
2018-07-31,134,0
2018-07-31,135,43
2018-07-31,136,33
2018-07-31,137,53
2018-07-31,142,60
2018-07-31,143,56
2018-07-31,144,66
2018-07-31,145,126
2018-07-31,148,15
2018-07-31,149,3
2018-07-31,150,12
2018-07-31,151,20
2018-07-31,152,4
2018-07-31,153,1
2018-07-31,154,0
2018-07-31,155,38
2018-07-31,156,88
2018-07-31,157,40
2018-07-31,158,69
2018-07-31,159,38
2018-07-31,160,36
2018-07-31,164,15
2018-07-31,166,0
2018-07-31,167,0
2018-07-31,169,0
2018-07-31,170,10
2018-07-31,171,33
2018-07-31,172,23
2018-07-31,173,33
2018-07-31,174,0
2018-07-31,175,17
2018-07-31,176,15
2018-07-31,177,7
2018-07-31,178,35
2018-07-31,182,4
2018-07-31,188,3
2018-07-31,189,23
2018-07-31,190,13
2018-07-31,191,6
2018-07-31,192,2
2018-07-31,193,40
2018-07-31,194,32
2018-07-31,195,61
2018-07-31,196,8
2018-07-31,197,28
2018-07-31,198,13
2018-07-31,199,31
2018-07-31,200,27
2018-07-31,201,58
2018-07-31,202,23
2018-07-31,203,5
2018-07-31,210,3
2018-07-31,211,3
2018-07-31,212,5
2018-07-31,213,28
2018-07-31,214,45
2018-07-31,215,18
2018-07-31,216,31
2018-07-31,217,39
2018-07-31,218,76
2018-07-31,219,6
2018-07-31,220,27
2018-07-31,221,4
2018-07-31,222,46
2018-07-31,223,62
2018-07-31,224,84
2018-07-31,225,121
2018-07-31,226,60
2018-07-31,232,34
2018-07-31,233,70
2018-07-31,234,34
2018-07-31,235,4
2018-07-31,236,1
2018-07-31,237,31
2018-07-31,238,55
2018-07-31,239,5
2018-07-31,240,100
2018-07-31,241,35
2018-07-31,242,0
2018-07-31,243,17
2018-07-31,244,69
2018-07-31,245,58
2018-07-31,246,10
2018-07-31,247,12
2018-07-31,255,56
2018-07-31,256,8
2018-07-31,257,10
2018-07-31,258,22
2018-07-31,259,1
2018-07-31,260,0
2018-07-31,261,0
2018-07-31,262,0
2018-07-31,264,1
2018-07-31,265,0
2018-07-31,277,4
2018-07-31,278,1
2018-07-31,279,0
2018-07-31,280,3
2018-07-31,281,11
2018-07-31,282,0
2018-07-31,284,14
2018-07-31,285,43
2018-07-31,286,0
2018-07-31,289,0
2018-07-31,299,38
2018-07-31,300,0
2018-07-31,301,0
2018-07-31,302,0
2018-07-31,303,5
2018-07-31,322,0
2018-07-31,323,1
2018-07-31,324,6
2018-07-31,325,24
2018-08-31,7,0
2018-08-31,8,0
2018-08-31,16,0
2018-08-31,17,12
2018-08-31,18,7
2018-08-31,19,2
2018-08-31,20,4
2018-08-31,21,15
2018-08-31,29,6
2018-08-31,30,13
2018-08-31,31,3
2018-08-31,32,31
2018-08-31,33,6
2018-08-31,40,7
2018-08-31,41,72
2018-08-31,42,67
2018-08-31,43,45
2018-08-31,44,75
2018-08-31,45,0
2018-08-31,52,1
2018-08-31,53,1
2018-08-31,54,34
2018-08-31,55,1
2018-08-31,56,0
2018-08-31,61,43
2018-08-31,62,43
2018-08-31,63,9
2018-08-31,64,2
2018-08-31,65,6
2018-08-31,66,37
2018-08-31,67,4
2018-08-31,68,28
2018-08-31,74,55
2018-08-31,75,38
2018-08-31,76,27
2018-08-31,77,50
2018-08-31,78,52
2018-08-31,79,14
2018-08-31,80,0
2018-08-31,81,36
2018-08-31,84,40
2018-08-31,85,31
2018-08-31,86,30
2018-08-31,87,13
2018-08-31,88,62
2018-08-31,89,13
2018-08-31,90,93
2018-08-31,91,43
2018-08-31,99,53
2018-08-31,100,11
2018-08-31,101,3
2018-08-31,102,13
2018-08-31,103,22
2018-08-31,104,45
2018-08-31,105,44
2018-08-31,106,34
2018-08-31,107,27
2018-08-31,108,5
2018-08-31,109,100
2018-08-31,110,64
2018-08-31,111,11
2018-08-31,112,1
2018-08-31,113,2
2018-08-31,114,3
2018-08-31,119,18
2018-08-31,120,0
2018-08-31,121,3
2018-08-31,122,27
2018-08-31,123,3
2018-08-31,124,21
2018-08-31,125,30
2018-08-31,126,14
2018-08-31,128,21
2018-08-31,129,44
2018-08-31,130,61
2018-08-31,131,48
2018-08-31,132,28
2018-08-31,133,0
2018-08-31,134,0
2018-08-31,135,31
2018-08-31,136,21
2018-08-31,137,31
2018-08-31,142,46
2018-08-31,143,44
2018-08-31,144,53
2018-08-31,145,137
2018-08-31,148,10
2018-08-31,149,2
2018-08-31,150,11
2018-08-31,151,28
2018-08-31,152,1
2018-08-31,153,0
2018-08-31,154,0
2018-08-31,155,43
2018-08-31,156,76
2018-08-31,157,46
2018-08-31,158,56
2018-08-31,159,40
2018-08-31,160,41
2018-08-31,164,20
2018-08-31,166,0
2018-08-31,167,2
2018-08-31,169,1
2018-08-31,170,13
2018-08-31,171,42
2018-08-31,172,20
2018-08-31,173,31
2018-08-31,174,0
2018-08-31,175,9
2018-08-31,176,9
2018-08-31,177,6
2018-08-31,178,47
2018-08-31,182,0
2018-08-31,188,2
2018-08-31,189,10
2018-08-31,190,8
2018-08-31,191,15
2018-08-31,192,2
2018-08-31,193,23
2018-08-31,194,32
2018-08-31,195,38
2018-08-31,196,6
2018-08-31,197,18
2018-08-31,198,12
2018-08-31,199,39
2018-08-31,200,36
2018-08-31,201,41
2018-08-31,202,12
2018-08-31,203,7
2018-08-31,210,4
2018-08-31,211,7
2018-08-31,212,9
2018-08-31,213,21
2018-08-31,214,47
2018-08-31,215,27
2018-08-31,216,33
2018-08-31,217,40
2018-08-31,218,77
2018-08-31,219,11
2018-08-31,220,20
2018-08-31,221,21
2018-08-31,222,47
2018-08-31,223,44
2018-08-31,224,75
2018-08-31,225,96
2018-08-31,226,59
2018-08-31,232,42
2018-08-31,233,87
2018-08-31,234,38
2018-08-31,235,5
2018-08-31,236,6
2018-08-31,237,32
2018-08-31,238,46
2018-08-31,239,14
2018-08-31,240,97
2018-08-31,241,43
2018-08-31,242,0
2018-08-31,243,13
2018-08-31,244,75
2018-08-31,245,35
2018-08-31,246,4
2018-08-31,247,10
2018-08-31,255,43
2018-08-31,256,12
2018-08-31,257,12
2018-08-31,258,17
2018-08-31,259,1
2018-08-31,260,0
2018-08-31,261,0
2018-08-31,262,0
2018-08-31,264,0
2018-08-31,265,0
2018-08-31,277,5
2018-08-31,278,0
2018-08-31,279,0
2018-08-31,280,1
2018-08-31,281,15
2018-08-31,282,0
2018-08-31,284,17
2018-08-31,285,42
2018-08-31,286,0
2018-08-31,289,1
2018-08-31,299,26
2018-08-31,300,0
2018-08-31,301,0
2018-08-31,302,1
2018-08-31,303,2
2018-08-31,322,0
2018-08-31,323,0
2018-08-31,324,2
2018-08-31,325,19
2018-09-30,7,0
2018-09-30,8,0
2018-09-30,16,0
2018-09-30,17,12
2018-09-30,18,8
2018-09-30,19,8
2018-09-30,20,5
2018-09-30,21,11
2018-09-30,29,17
2018-09-30,30,22
2018-09-30,31,2
2018-09-30,32,27
2018-09-30,33,5
2018-09-30,40,11
2018-09-30,41,70
2018-09-30,42,77
2018-09-30,43,26
2018-09-30,44,79
2018-09-30,45,0
2018-09-30,52,0
2018-09-30,53,1
2018-09-30,54,25
2018-09-30,55,1
2018-09-30,56,1
2018-09-30,61,49
2018-09-30,62,39
2018-09-30,63,7
2018-09-30,64,4
2018-09-30,65,3
2018-09-30,66,41
2018-09-30,67,0
2018-09-30,68,36
2018-09-30,74,31
2018-09-30,75,24
2018-09-30,76,26
2018-09-30,77,51
2018-09-30,78,37
2018-09-30,79,18
2018-09-30,80,0
2018-09-30,81,43
2018-09-30,84,50
2018-09-30,85,54
2018-09-30,86,27
2018-09-30,87,2
2018-09-30,88,82
2018-09-30,89,10
2018-09-30,90,114
2018-09-30,91,29
2018-09-30,99,48
2018-09-30,100,17
2018-09-30,101,1
2018-09-30,102,8
2018-09-30,103,15
2018-09-30,104,62
2018-09-30,105,35
2018-09-30,106,23
2018-09-30,107,40
2018-09-30,108,4
2018-09-30,109,84
2018-09-30,110,65
2018-09-30,111,14
2018-09-30,112,0
2018-09-30,113,1
2018-09-30,114,0
2018-09-30,119,6
2018-09-30,120,0
2018-09-30,121,11
2018-09-30,122,14
2018-09-30,123,1
2018-09-30,124,20
2018-09-30,125,29
2018-09-30,126,16
2018-09-30,128,24
2018-09-30,129,47
2018-09-30,130,59
2018-09-30,131,41
2018-09-30,132,52
2018-09-30,133,1
2018-09-30,134,0
2018-09-30,135,35
2018-09-30,136,23
2018-09-30,137,39
2018-09-30,142,41
2018-09-30,143,50
2018-09-30,144,65
2018-09-30,145,104
2018-09-30,148,6
2018-09-30,149,3
2018-09-30,150,5
2018-09-30,151,18
2018-09-30,152,1
2018-09-30,153,0
2018-09-30,154,0
2018-09-30,155,31
2018-09-30,156,69
2018-09-30,157,39
2018-09-30,158,49
2018-09-30,159,33
2018-09-30,160,47
2018-09-30,164,18
2018-09-30,166,0
2018-09-30,167,0
2018-09-30,169,0
2018-09-30,170,11
2018-09-30,171,27
2018-09-30,172,22
2018-09-30,173,35
2018-09-30,174,1
2018-09-30,175,3
2018-09-30,176,4
2018-09-30,177,11
2018-09-30,178,24
2018-09-30,182,1
2018-09-30,188,2
2018-09-30,189,19
2018-09-30,190,6
2018-09-30,191,11
2018-09-30,192,1
2018-09-30,193,36
2018-09-30,194,31
2018-09-30,195,33
2018-09-30,196,9
2018-09-30,197,21
2018-09-30,198,9
2018-09-30,199,27
2018-09-30,200,27
2018-09-30,201,55
2018-09-30,202,16
2018-09-30,203,3
2018-09-30,210,4
2018-09-30,211,1
2018-09-30,212,11
2018-09-30,213,35
2018-09-30,214,32
2018-09-30,215,14
2018-09-30,216,40
2018-09-30,217,37
2018-09-30,218,75
2018-09-30,219,9
2018-09-30,220,34
2018-09-30,221,10
2018-09-30,222,45
2018-09-30,223,54
2018-09-30,224,72
2018-09-30,225,111
2018-09-30,226,69
2018-09-30,232,27
2018-09-30,233,64
2018-09-30,234,37
2018-09-30,235,3
2018-09-30,236,2
2018-09-30,237,53
2018-09-30,238,67
2018-09-30,239,10
2018-09-30,240,110
2018-09-30,241,32
2018-09-30,242,0
2018-09-30,243,9
2018-09-30,244,77
2018-09-30,245,67
2018-09-30,246,6
2018-09-30,247,15
2018-09-30,255,49
2018-09-30,256,13
2018-09-30,257,17
2018-09-30,258,20
2018-09-30,259,1
2018-09-30,260,0
2018-09-30,261,0
2018-09-30,262,0
2018-09-30,264,2
2018-09-30,265,0
2018-09-30,277,1
2018-09-30,278,0
2018-09-30,279,0
2018-09-30,280,5
2018-09-30,281,11
2018-09-30,282,0
2018-09-30,284,24
2018-09-30,285,29
2018-09-30,286,0
2018-09-30,289,1
2018-09-30,299,21
2018-09-30,300,0
2018-09-30,301,0
2018-09-30,302,2
2018-09-30,303,4
2018-09-30,322,0
2018-09-30,323,0
2018-09-30,324,8
2018-09-30,325,22
2018-10-31,7,0
2018-10-31,8,1
2018-10-31,16,0
2018-10-31,17,8
2018-10-31,18,11
2018-10-31,19,1
2018-10-31,20,10
2018-10-31,21,11
2018-10-31,29,4
2018-10-31,30,12
2018-10-31,31,10
2018-10-31,32,20
2018-10-31,33,4
2018-10-31,40,5
2018-10-31,41,46
2018-10-31,42,70
2018-10-31,43,47
2018-10-31,44,59
2018-10-31,45,1
2018-10-31,52,3
2018-10-31,53,1
2018-10-31,54,20
2018-10-31,55,0
2018-10-31,56,0
2018-10-31,61,45
2018-10-31,62,39
2018-10-31,63,8
2018-10-31,64,2
2018-10-31,65,3
2018-10-31,66,35
2018-10-31,67,4
2018-10-31,68,54
2018-10-31,74,38
2018-10-31,75,33
2018-10-31,76,27
2018-10-31,77,44
2018-10-31,78,48
2018-10-31,79,19
2018-10-31,80,1
2018-10-31,81,41
2018-10-31,84,42
2018-10-31,85,33
2018-10-31,86,14
2018-10-31,87,12
2018-10-31,88,58
2018-10-31,89,7
2018-10-31,90,82
2018-10-31,91,40
2018-10-31,99,40
2018-10-31,100,17
2018-10-31,101,0
2018-10-31,102,8
2018-10-31,103,17
2018-10-31,104,47
2018-10-31,105,33
2018-10-31,106,31
2018-10-31,107,34
2018-10-31,108,12
2018-10-31,109,97
2018-10-31,110,50
2018-10-31,111,8
2018-10-31,112,3
2018-10-31,113,1
2018-10-31,114,2
2018-10-31,119,19
2018-10-31,120,0
2018-10-31,121,11
2018-10-31,122,18
2018-10-31,123,0
2018-10-31,124,11
2018-10-31,125,22
2018-10-31,126,15
2018-10-31,128,25
2018-10-31,129,43
2018-10-31,130,62
2018-10-31,131,48
2018-10-31,132,33
2018-10-31,133,2
2018-10-31,134,0
2018-10-31,135,40
2018-10-31,136,26
2018-10-31,137,44
2018-10-31,142,45
2018-10-31,143,50
2018-10-31,144,71
2018-10-31,145,82
2018-10-31,148,6
2018-10-31,149,4
2018-10-31,150,14
2018-10-31,151,23
2018-10-31,152,0
2018-10-31,153,0
2018-10-31,154,0
2018-10-31,155,45
2018-10-31,156,76
2018-10-31,157,33
2018-10-31,158,40
2018-10-31,159,39
2018-10-31,160,47
2018-10-31,164,20
2018-10-31,166,0
2018-10-31,167,0
2018-10-31,169,0
2018-10-31,170,18
2018-10-31,171,22
2018-10-31,172,26
2018-10-31,173,30
2018-10-31,174,0
2018-10-31,175,11
2018-10-31,176,11
2018-10-31,177,7
2018-10-31,178,37
2018-10-31,182,3
2018-10-31,188,2
2018-10-31,189,21
2018-10-31,190,12
2018-10-31,191,7
2018-10-31,192,5
2018-10-31,193,32
2018-10-31,194,30
2018-10-31,195,32
2018-10-31,196,3
2018-10-31,197,18
2018-10-31,198,9
2018-10-31,199,29
2018-10-31,200,30
2018-10-31,201,48
2018-10-31,202,32
2018-10-31,203,6
2018-10-31,210,3
2018-10-31,211,1
2018-10-31,212,4
2018-10-31,213,36
2018-10-31,214,35
2018-10-31,215,21
2018-10-31,216,25
2018-10-31,217,41
2018-10-31,218,91
2018-10-31,219,9
2018-10-31,220,34
2018-10-31,221,12
2018-10-31,222,62
2018-10-31,223,67
2018-10-31,224,80
2018-10-31,225,89
2018-10-31,226,68
2018-10-31,232,35
2018-10-31,233,66
2018-10-31,234,41
2018-10-31,235,6
2018-10-31,236,1
2018-10-31,237,37
2018-10-31,238,51
2018-10-31,239,7
2018-10-31,240,101
2018-10-31,241,27
2018-10-31,242,0
2018-10-31,243,3
2018-10-31,244,77
2018-10-31,245,66
2018-10-31,246,3
2018-10-31,247,10
2018-10-31,255,54
2018-10-31,256,5
2018-10-31,257,13
2018-10-31,258,21
2018-10-31,259,1
2018-10-31,260,0
2018-10-31,261,0
2018-10-31,262,0
2018-10-31,264,0
2018-10-31,265,0
2018-10-31,277,2
2018-10-31,278,1
2018-10-31,279,0
2018-10-31,280,3
2018-10-31,281,15
2018-10-31,282,0
2018-10-31,284,16
2018-10-31,285,27
2018-10-31,286,0
2018-10-31,289,0
2018-10-31,299,37
2018-10-31,300,0
2018-10-31,301,1
2018-10-31,302,0
2018-10-31,303,0
2018-10-31,322,1
2018-10-31,323,2
2018-10-31,324,4
2018-10-31,325,21
2018-11-30,7,0
2018-11-30,8,1
2018-11-30,16,0
2018-11-30,17,11
2018-11-30,18,9
2018-11-30,19,1
2018-11-30,20,3
2018-11-30,21,12
2018-11-30,29,8
2018-11-30,30,16
2018-11-30,31,6
2018-11-30,32,25
2018-11-30,33,7
2018-11-30,40,4
2018-11-30,41,47
2018-11-30,42,75
2018-11-30,43,54
2018-11-30,44,63
2018-11-30,45,0
2018-11-30,52,0
2018-11-30,53,0
2018-11-30,54,29
2018-11-30,55,0
2018-11-30,56,0
2018-11-30,61,44
2018-11-30,62,37
2018-11-30,63,6
2018-11-30,64,1
2018-11-30,65,6
2018-11-30,66,29
2018-11-30,67,3
2018-11-30,68,37
2018-11-30,74,27
2018-11-30,75,37
2018-11-30,76,30
2018-11-30,77,48
2018-11-30,78,50
2018-11-30,79,16
2018-11-30,80,1
2018-11-30,81,29
2018-11-30,84,43
2018-11-30,85,47
2018-11-30,86,20
2018-11-30,87,8
2018-11-30,88,66
2018-11-30,89,19
2018-11-30,90,86
2018-11-30,91,33
2018-11-30,99,62
2018-11-30,100,20
2018-11-30,101,5
2018-11-30,102,6
2018-11-30,103,24
2018-11-30,104,46
2018-11-30,105,33
2018-11-30,106,24
2018-11-30,107,25
2018-11-30,108,7
2018-11-30,109,89
2018-11-30,110,68
2018-11-30,111,10
2018-11-30,112,1
2018-11-30,113,0
2018-11-30,114,5
2018-11-30,119,12
2018-11-30,120,0
2018-11-30,121,6
2018-11-30,122,31
2018-11-30,123,1
2018-11-30,124,26
2018-11-30,125,24
2018-11-30,126,16
2018-11-30,128,15
2018-11-30,129,41
2018-11-30,130,39
2018-11-30,131,45
2018-11-30,132,37
2018-11-30,133,0
2018-11-30,134,0
2018-11-30,135,29
2018-11-30,136,32
2018-11-30,137,46
2018-11-30,142,38
2018-11-30,143,60
2018-11-30,144,83
2018-11-30,145,103
2018-11-30,148,19
2018-11-30,149,2
2018-11-30,150,6
2018-11-30,151,14
2018-11-30,152,1
2018-11-30,153,0
2018-11-30,154,0
2018-11-30,155,37
2018-11-30,156,57
2018-11-30,157,38
2018-11-30,158,55
2018-11-30,159,30
2018-11-30,160,44
2018-11-30,164,17
2018-11-30,166,0
2018-11-30,167,1
2018-11-30,169,0
2018-11-30,170,16
2018-11-30,171,24
2018-11-30,172,22
2018-11-30,173,25
2018-11-30,174,0
2018-11-30,175,11
2018-11-30,176,12
2018-11-30,177,10
2018-11-30,178,32
2018-11-30,182,6
2018-11-30,188,3
2018-11-30,189,12
2018-11-30,190,9
2018-11-30,191,7
2018-11-30,192,1
2018-11-30,193,33
2018-11-30,194,30
2018-11-30,195,46
2018-11-30,196,14
2018-11-30,197,30
2018-11-30,198,10
2018-11-30,199,27
2018-11-30,200,27
2018-11-30,201,42
2018-11-30,202,24
2018-11-30,203,6
2018-11-30,210,5
2018-11-30,211,3
2018-11-30,212,7
2018-11-30,213,33
2018-11-30,214,36
2018-11-30,215,18
2018-11-30,216,39
2018-11-30,217,43
2018-11-30,218,53
2018-11-30,219,5
2018-11-30,220,45
2018-11-30,221,11
2018-11-30,222,63
2018-11-30,223,48
2018-11-30,224,94
2018-11-30,225,99
2018-11-30,226,65
2018-11-30,232,22
2018-11-30,233,71
2018-11-30,234,37
2018-11-30,235,4
2018-11-30,236,2
2018-11-30,237,38
2018-11-30,238,63
2018-11-30,239,9
2018-11-30,240,99
2018-11-30,241,33
2018-11-30,242,0
2018-11-30,243,12
2018-11-30,244,52
2018-11-30,245,71
2018-11-30,246,6
2018-11-30,247,10
2018-11-30,255,59
2018-11-30,256,8
2018-11-30,257,17
2018-11-30,258,17
2018-11-30,259,0
2018-11-30,260,0
2018-11-30,261,1
2018-11-30,262,0
2018-11-30,264,0
2018-11-30,265,1
2018-11-30,277,4
2018-11-30,278,0
2018-11-30,279,0
2018-11-30,280,3
2018-11-30,281,16
2018-11-30,282,0
2018-11-30,284,14
2018-11-30,285,29
2018-11-30,286,0
2018-11-30,289,0
2018-11-30,299,17
2018-11-30,300,0
2018-11-30,301,0
2018-11-30,302,2
2018-11-30,303,1
2018-11-30,322,0
2018-11-30,323,2
2018-11-30,324,6
2018-11-30,325,18
