,16,2,1,4,3,10,9,5,17,13,15,12,8,7,6,11,14
2013-04-20,3.0,20.0,15.0,16.0,4.0,23.0,2.0,22.0,10.0,9.0,14.0,14.0,27.0,18.0,3.0,9.0,5.0
2013-04-21,15.0,15.0,14.0,9.0,5.0,19.0,2.0,21.0,17.0,4.0,16.0,13.0,13.0,24.0,8.0,18.0,9.0
2013-04-22,7.0,13.0,8.0,10.0,0.0,8.0,4.0,21.0,13.0,2.0,11.0,7.0,14.0,8.0,7.0,14.0,3.0
2013-04-23,2.0,10.0,4.0,7.0,1.0,7.0,5.0,23.0,2.0,2.0,10.0,11.0,9.0,6.0,1.0,4.0,0.0
2013-04-24,8.0,11.0,12.0,4.0,8.0,8.0,3.0,16.0,4.0,8.0,8.0,15.0,14.0,12.0,4.0,4.0,1.0
2013-04-25,3.0,12.0,9.0,6.0,5.0,14.0,5.0,23.0,3.0,2.0,15.0,11.0,13.0,14.0,3.0,16.0,5.0
2013-04-26,6.0,29.0,13.0,9.0,7.0,15.0,10.0,24.0,8.0,2.0,12.0,9.0,16.0,17.0,12.0,15.0,7.0
2013-04-27,2.0,14.0,13.0,8.0,9.0,13.0,7.0,28.0,4.0,9.0,17.0,20.0,19.0,25.0,8.0,10.0,2.0
2013-04-28,14.0,22.0,13.0,8.0,4.0,10.0,11.0,18.0,13.0,11.0,10.0,12.0,16.0,11.0,13.0,15.0,4.0
2013-04-29,3.0,13.0,9.0,9.0,5.0,14.0,8.0,23.0,6.0,7.0,10.0,14.0,7.0,16.0,8.0,10.0,2.0
2013-04-30,8.0,12.0,16.0,5.0,4.0,16.0,11.0,30.0,8.0,3.0,9.0,17.0,9.0,11.0,4.0,8.0,2.0
2013-05-01,3.0,26.0,6.0,7.0,5.0,8.0,14.0,19.0,4.0,13.0,17.0,26.0,21.0,37.0,5.0,14.0,9.0
2013-05-02,10.0,16.0,16.0,8.0,8.0,7.0,8.0,31.0,5.0,6.0,9.0,14.0,17.0,10.0,4.0,6.0,7.0
2013-05-03,5.0,14.0,11.0,8.0,4.0,9.0,8.0,37.0,3.0,5.0,11.0,13.0,16.0,24.0,7.0,8.0,6.0
2013-05-04,4.0,27.0,14.0,6.0,2.0,17.0,10.0,24.0,7.0,2.0,15.0,22.0,15.0,11.0,6.0,13.0,2.0
2013-05-05,5.0,23.0,7.0,13.0,3.0,8.0,12.0,22.0,7.0,6.0,10.0,22.0,14.0,15.0,12.0,6.0,4.0
2013-05-06,5.0,15.0,14.0,7.0,3.0,11.0,2.0,25.0,7.0,4.0,8.0,13.0,19.0,13.0,2.0,15.0,1.0
2013-05-07,7.0,14.0,13.0,13.0,5.0,5.0,10.0,30.0,3.0,4.0,5.0,12.0,11.0,19.0,4.0,11.0,5.0
2013-05-08,10.0,12.0,10.0,7.0,1.0,11.0,8.0,22.0,10.0,14.0,9.0,21.0,19.0,15.0,7.0,13.0,3.0
2013-05-09,8.0,21.0,17.0,13.0,6.0,10.0,6.0,25.0,9.0,5.0,15.0,17.0,14.0,17.0,9.0,13.0,6.0
2013-05-10,3.0,18.0,19.0,20.0,4.0,11.0,14.0,33.0,6.0,5.0,17.0,14.0,11.0,14.0,6.0,9.0,4.0
2013-05-11,2.0,22.0,8.0,9.0,5.0,20.0,10.0,44.0,7.0,11.0,22.0,17.0,13.0,8.0,8.0,17.0,8.0
2013-05-12,7.0,24.0,8.0,11.0,5.0,20.0,4.0,26.0,22.0,4.0,8.0,25.0,19.0,16.0,11.0,16.0,8.0
2013-05-13,2.0,23.0,7.0,6.0,3.0,10.0,13.0,24.0,6.0,4.0,7.0,23.0,10.0,13.0,5.0,12.0,6.0
2013-05-14,3.0,5.0,13.0,7.0,6.0,10.0,14.0,19.0,6.0,2.0,6.0,9.0,12.0,16.0,7.0,8.0,1.0
2013-05-15,5.0,17.0,8.0,7.0,6.0,6.0,7.0,18.0,2.0,5.0,12.0,21.0,13.0,13.0,10.0,7.0,2.0
2013-05-16,6.0,14.0,14.0,7.0,3.0,6.0,7.0,25.0,6.0,5.0,7.0,16.0,14.0,15.0,5.0,8.0,1.0
2013-05-17,9.0,10.0,10.0,12.0,3.0,9.0,6.0,21.0,9.0,4.0,7.0,21.0,9.0,14.0,5.0,6.0,1.0
2013-05-18,1.0,17.0,15.0,10.0,4.0,17.0,4.0,23.0,6.0,7.0,14.0,22.0,12.0,16.0,10.0,9.0,1.0
2013-05-19,9.0,18.0,11.0,10.0,3.0,9.0,16.0,19.0,10.0,14.0,14.0,32.0,19.0,27.0,19.0,14.0,7.0
2013-05-20,3.0,11.0,14.0,11.0,0.0,13.0,7.0,29.0,7.0,8.0,16.0,22.0,12.0,12.0,5.0,15.0,5.0
2013-05-21,6.0,21.0,8.0,9.0,3.0,11.0,5.0,28.0,9.0,2.0,13.0,16.0,11.0,21.0,12.0,13.0,2.0
2013-05-22,5.0,20.0,6.0,9.0,6.0,11.0,8.0,17.0,6.0,3.0,9.0,17.0,16.0,13.0,3.0,11.0,2.0
2013-05-23,2.0,18.0,14.0,5.0,3.0,6.0,12.0,20.0,10.0,2.0,6.0,19.0,9.0,17.0,8.0,11.0,1.0
2013-05-24,2.0,14.0,14.0,7.0,5.0,11.0,12.0,26.0,11.0,3.0,11.0,15.0,17.0,17.0,10.0,8.0,8.0
2013-05-25,9.0,12.0,10.0,13.0,10.0,10.0,10.0,25.0,9.0,4.0,20.0,26.0,15.0,19.0,8.0,17.0,5.0
2013-05-26,7.0,23.0,20.0,14.0,2.0,17.0,9.0,22.0,16.0,14.0,16.0,26.0,14.0,16.0,11.0,12.0,5.0
2013-05-27,6.0,22.0,18.0,6.0,7.0,14.0,7.0,20.0,6.0,6.0,7.0,19.0,9.0,13.0,5.0,8.0,3.0
2013-05-28,2.0,14.0,11.0,5.0,3.0,12.0,8.0,21.0,2.0,8.0,9.0,20.0,10.0,9.0,8.0,9.0,2.0
2013-05-29,7.0,15.0,13.0,12.0,3.0,19.0,11.0,46.0,5.0,7.0,7.0,16.0,7.0,17.0,4.0,6.0,6.0
2013-05-30,11.0,25.0,9.0,14.0,9.0,13.0,15.0,12.0,13.0,9.0,16.0,15.0,9.0,20.0,9.0,8.0,5.0
2013-05-31,1.0,26.0,16.0,13.0,2.0,10.0,15.0,19.0,8.0,7.0,13.0,23.0,13.0,29.0,5.0,11.0,6.0
2013-06-01,2.0,13.0,5.0,2.0,1.0,7.0,10.0,10.0,6.0,1.0,2.0,5.0,8.0,11.0,3.0,4.0,5.0
2013-06-02,6.0,10.0,13.0,12.0,3.0,6.0,6.0,16.0,7.0,9.0,16.0,21.0,14.0,17.0,8.0,7.0,8.0
2013-06-03,4.0,10.0,17.0,5.0,7.0,9.0,10.0,18.0,4.0,5.0,5.0,10.0,10.0,13.0,6.0,8.0,3.0
2013-06-04,3.0,8.0,15.0,9.0,4.0,17.0,8.0,17.0,5.0,5.0,6.0,15.0,9.0,14.0,5.0,7.0,3.0
2013-06-05,4.0,8.0,9.0,10.0,6.0,14.0,10.0,21.0,9.0,5.0,4.0,16.0,7.0,14.0,7.0,14.0,3.0
2013-06-06,5.0,20.0,11.0,8.0,5.0,6.0,7.0,29.0,6.0,8.0,7.0,14.0,19.0,22.0,6.0,4.0,3.0
2013-06-07,10.0,20.0,8.0,4.0,4.0,19.0,13.0,29.0,8.0,10.0,8.0,20.0,19.0,9.0,8.0,10.0,9.0
2013-06-08,1.0,6.0,0.0,1.0,1.0,2.0,2.0,2.0,0.0,4.0,2.0,11.0,1.0,4.0,8.0,0.0,4.0
2013-06-09,5.0,13.0,11.0,6.0,4.0,3.0,23.0,19.0,16.0,17.0,9.0,31.0,19.0,17.0,8.0,13.0,4.0
2013-06-10,1.0,15.0,15.0,7.0,6.0,11.0,8.0,22.0,9.0,10.0,7.0,27.0,16.0,20.0,2.0,3.0,4.0
2013-06-11,2.0,12.0,16.0,6.0,3.0,10.0,11.0,25.0,9.0,9.0,8.0,22.0,12.0,10.0,1.0,7.0,5.0
2013-06-12,9.0,14.0,17.0,7.0,6.0,6.0,9.0,26.0,3.0,6.0,9.0,21.0,12.0,10.0,7.0,5.0,3.0
2013-06-13,5.0,18.0,15.0,1.0,6.0,15.0,13.0,25.0,10.0,7.0,11.0,17.0,12.0,11.0,11.0,12.0,3.0
2013-06-14,3.0,17.0,17.0,4.0,5.0,11.0,8.0,31.0,6.0,5.0,14.0,29.0,12.0,12.0,11.0,2.0,6.0
2013-06-15,6.0,24.0,6.0,10.0,6.0,6.0,11.0,19.0,7.0,5.0,17.0,21.0,25.0,19.0,12.0,10.0,9.0
2013-06-16,6.0,15.0,7.0,9.0,8.0,4.0,9.0,16.0,18.0,8.0,16.0,24.0,36.0,33.0,6.0,9.0,19.0
2013-06-17,5.0,19.0,12.0,11.0,3.0,13.0,10.0,20.0,7.0,8.0,11.0,15.0,21.0,20.0,9.0,15.0,2.0
2013-06-18,7.0,11.0,24.0,9.0,6.0,10.0,7.0,19.0,8.0,8.0,4.0,18.0,10.0,24.0,9.0,10.0,6.0
2013-06-19,2.0,18.0,11.0,9.0,3.0,8.0,9.0,27.0,9.0,3.0,10.0,20.0,14.0,10.0,4.0,5.0,1.0
2013-06-20,4.0,15.0,15.0,7.0,1.0,7.0,6.0,29.0,6.0,5.0,11.0,20.0,9.0,12.0,4.0,6.0,4.0
2013-06-21,6.0,16.0,15.0,4.0,2.0,6.0,6.0,30.0,3.0,7.0,5.0,27.0,14.0,6.0,4.0,10.0,3.0
2013-06-22,17.0,17.0,15.0,5.0,3.0,16.0,6.0,33.0,19.0,5.0,14.0,12.0,12.0,17.0,7.0,13.0,4.0
2013-06-23,9.0,10.0,1.0,8.0,2.0,11.0,12.0,22.0,14.0,9.0,14.0,33.0,16.0,17.0,11.0,13.0,9.0
2013-06-24,1.0,17.0,6.0,4.0,1.0,4.0,9.0,14.0,10.0,2.0,6.0,8.0,7.0,27.0,5.0,7.0,6.0
2013-06-25,5.0,11.0,6.0,6.0,4.0,7.0,11.0,21.0,3.0,2.0,11.0,20.0,13.0,10.0,7.0,9.0,2.0
2013-06-26,3.0,11.0,9.0,8.0,1.0,14.0,10.0,20.0,4.0,12.0,11.0,12.0,11.0,14.0,11.0,9.0,3.0
2013-06-27,3.0,13.0,9.0,6.0,4.0,9.0,5.0,27.0,12.0,6.0,11.0,25.0,11.0,21.0,9.0,11.0,3.0
2013-06-28,6.0,17.0,9.0,5.0,3.0,6.0,5.0,22.0,6.0,8.0,8.0,6.0,12.0,6.0,8.0,3.0,5.0
2013-06-29,5.0,36.0,5.0,10.0,4.0,14.0,7.0,22.0,8.0,4.0,9.0,15.0,9.0,20.0,7.0,12.0,6.0
2013-06-30,2.0,13.0,9.0,9.0,6.0,6.0,8.0,16.0,9.0,7.0,7.0,26.0,16.0,14.0,13.0,13.0,6.0
2013-07-01,5.0,7.0,19.0,7.0,3.0,9.0,12.0,15.0,6.0,8.0,2.0,22.0,14.0,6.0,5.0,7.0,6.0
2013-07-02,3.0,17.0,16.0,10.0,7.0,5.0,4.0,27.0,4.0,5.0,2.0,21.0,11.0,15.0,8.0,9.0,1.0
2013-07-03,9.0,14.0,10.0,9.0,0.0,10.0,13.0,14.0,7.0,3.0,7.0,16.0,14.0,10.0,4.0,11.0,8.0
2013-07-04,6.0,14.0,4.0,5.0,1.0,11.0,5.0,20.0,4.0,2.0,7.0,15.0,9.0,12.0,6.0,9.0,2.0
2013-07-05,4.0,22.0,11.0,11.0,3.0,11.0,12.0,27.0,4.0,4.0,15.0,11.0,13.0,19.0,6.0,6.0,2.0
2013-07-06,4.0,16.0,9.0,11.0,7.0,12.0,4.0,31.0,6.0,6.0,4.0,23.0,18.0,16.0,8.0,6.0,6.0
2013-07-07,3.0,14.0,4.0,6.0,2.0,9.0,12.0,27.0,15.0,6.0,11.0,14.0,14.0,29.0,3.0,12.0,12.0
2013-07-08,6.0,17.0,14.0,7.0,4.0,9.0,10.0,17.0,8.0,7.0,12.0,14.0,11.0,14.0,5.0,8.0,7.0
2013-07-09,3.0,9.0,4.0,6.0,3.0,7.0,7.0,25.0,3.0,4.0,9.0,11.0,9.0,15.0,5.0,8.0,4.0
2013-07-10,2.0,12.0,8.0,5.0,9.0,9.0,5.0,18.0,9.0,9.0,3.0,10.0,19.0,12.0,7.0,9.0,5.0
2013-07-11,7.0,12.0,13.0,4.0,1.0,12.0,5.0,17.0,9.0,7.0,10.0,14.0,8.0,12.0,5.0,7.0,3.0
2013-07-12,2.0,14.0,11.0,8.0,3.0,15.0,5.0,28.0,12.0,4.0,13.0,17.0,8.0,5.0,5.0,6.0,4.0
2013-07-13,3.0,15.0,9.0,7.0,5.0,16.0,19.0,29.0,6.0,9.0,18.0,24.0,17.0,22.0,15.0,9.0,3.0
2013-07-14,8.0,20.0,6.0,8.0,5.0,17.0,9.0,15.0,11.0,6.0,17.0,19.0,21.0,17.0,8.0,7.0,9.0
2013-07-15,5.0,12.0,8.0,8.0,4.0,13.0,6.0,23.0,15.0,5.0,9.0,13.0,7.0,17.0,6.0,2.0,2.0
2013-07-16,4.0,5.0,13.0,7.0,7.0,4.0,7.0,18.0,2.0,6.0,11.0,16.0,6.0,11.0,11.0,8.0,1.0
2013-07-17,5.0,16.0,12.0,10.0,3.0,11.0,7.0,13.0,5.0,5.0,13.0,5.0,13.0,15.0,4.0,8.0,3.0
2013-07-18,4.0,11.0,11.0,9.0,6.0,9.0,6.0,31.0,3.0,3.0,3.0,16.0,15.0,18.0,3.0,5.0,2.0
2013-07-19,2.0,17.0,23.0,15.0,2.0,13.0,6.0,31.0,3.0,10.0,11.0,21.0,18.0,23.0,2.0,11.0,3.0
2013-07-20,8.0,16.0,9.0,10.0,7.0,9.0,9.0,17.0,10.0,10.0,10.0,18.0,11.0,12.0,3.0,13.0,5.0
2013-07-21,10.0,18.0,6.0,4.0,3.0,12.0,6.0,23.0,21.0,5.0,21.0,11.0,11.0,10.0,10.0,12.0,4.0
2013-07-22,5.0,15.0,13.0,6.0,5.0,9.0,11.0,25.0,3.0,2.0,12.0,20.0,8.0,10.0,5.0,6.0,3.0
2013-07-23,8.0,11.0,10.0,9.0,6.0,5.0,5.0,19.0,7.0,7.0,6.0,12.0,17.0,12.0,7.0,5.0,9.0
2013-07-24,1.0,16.0,12.0,5.0,6.0,8.0,7.0,21.0,9.0,5.0,5.0,11.0,9.0,16.0,5.0,4.0,4.0
2013-07-25,4.0,13.0,14.0,8.0,6.0,10.0,10.0,23.0,8.0,5.0,9.0,15.0,15.0,17.0,4.0,7.0,3.0
2013-07-26,2.0,12.0,8.0,7.0,2.0,13.0,4.0,30.0,3.0,7.0,11.0,16.0,15.0,13.0,5.0,4.0,4.0
2013-07-27,9.0,22.0,18.0,14.0,6.0,7.0,8.0,34.0,5.0,5.0,25.0,17.0,17.0,16.0,5.0,19.0,3.0
2013-07-28,5.0,33.0,15.0,14.0,8.0,10.0,12.0,23.0,7.0,7.0,9.0,21.0,20.0,15.0,7.0,10.0,7.0
2013-07-29,5.0,7.0,6.0,6.0,6.0,9.0,6.0,23.0,8.0,1.0,11.0,13.0,9.0,11.0,7.0,11.0,3.0
2013-07-30,4.0,12.0,9.0,2.0,5.0,15.0,4.0,16.0,4.0,3.0,9.0,10.0,12.0,18.0,9.0,5.0,3.0
2013-07-31,2.0,14.0,8.0,5.0,9.0,11.0,5.0,21.0,4.0,4.0,10.0,20.0,10.0,14.0,4.0,13.0,3.0
2013-08-01,6.0,9.0,15.0,7.0,1.0,6.0,5.0,34.0,7.0,3.0,10.0,12.0,18.0,10.0,2.0,5.0,10.0
2013-08-02,8.0,19.0,12.0,11.0,4.0,15.0,5.0,29.0,5.0,6.0,10.0,17.0,10.0,16.0,6.0,6.0,6.0
2013-08-03,1.0,15.0,11.0,8.0,4.0,13.0,11.0,32.0,5.0,3.0,14.0,16.0,17.0,19.0,12.0,11.0,4.0
2013-08-04,3.0,11.0,5.0,8.0,5.0,12.0,12.0,31.0,9.0,9.0,19.0,20.0,21.0,22.0,7.0,11.0,9.0
2013-08-05,0.0,12.0,17.0,6.0,3.0,13.0,8.0,25.0,2.0,6.0,9.0,10.0,12.0,24.0,11.0,8.0,4.0
2013-08-06,4.0,7.0,12.0,7.0,2.0,8.0,4.0,14.0,4.0,8.0,11.0,19.0,9.0,11.0,11.0,11.0,1.0
2013-08-07,6.0,14.0,16.0,5.0,4.0,11.0,8.0,22.0,7.0,8.0,6.0,14.0,6.0,25.0,3.0,15.0,2.0
2013-08-08,5.0,18.0,10.0,8.0,5.0,12.0,5.0,26.0,5.0,2.0,16.0,7.0,12.0,16.0,5.0,9.0,2.0
2013-08-09,7.0,16.0,14.0,7.0,6.0,17.0,4.0,29.0,9.0,7.0,11.0,23.0,12.0,17.0,4.0,10.0,2.0
2013-08-10,6.0,12.0,12.0,11.0,5.0,16.0,13.0,29.0,12.0,7.0,14.0,18.0,14.0,20.0,7.0,16.0,3.0
2013-08-11,2.0,4.0,2.0,1.0,0.0,3.0,5.0,4.0,2.0,0.0,5.0,3.0,3.0,5.0,0.0,0.0,2.0
2013-08-12,1.0,16.0,6.0,10.0,5.0,6.0,12.0,24.0,6.0,3.0,12.0,24.0,11.0,14.0,2.0,8.0,2.0
2013-08-13,4.0,13.0,10.0,6.0,6.0,12.0,16.0,14.0,7.0,3.0,3.0,17.0,17.0,16.0,10.0,13.0,4.0
2013-08-14,3.0,11.0,17.0,8.0,3.0,7.0,8.0,22.0,2.0,2.0,9.0,19.0,8.0,12.0,14.0,5.0,7.0
2013-08-15,0.0,5.0,3.0,1.0,2.0,3.0,2.0,7.0,2.0,1.0,3.0,4.0,4.0,6.0,0.0,3.0,1.0
2013-08-16,0.0,0.0,0.0,0.0,0.0,0.0,0.0,0.0,0.0,0.0,0.0,0.0,0.0,0.0,0.0,0.0,0.0
2013-08-17,0.0,0.0,0.0,0.0,0.0,0.0,0.0,0.0,0.0,0.0,0.0,0.0,0.0,0.0,0.0,0.0,0.0
2013-08-18,7.0,9.0,3.0,6.0,2.0,9.0,7.0,9.0,6.0,5.0,7.0,5.0,3.0,14.0,5.0,4.0,1.0
2013-08-19,0.0,18.0,12.0,9.0,3.0,10.0,4.0,20.0,3.0,5.0,5.0,17.0,12.0,11.0,8.0,4.0,1.0
2013-08-20,3.0,15.0,13.0,7.0,4.0,11.0,5.0,17.0,2.0,3.0,5.0,11.0,8.0,14.0,5.0,4.0,2.0
2013-08-21,3.0,10.0,8.0,7.0,4.0,6.0,10.0,14.0,4.0,7.0,10.0,13.0,9.0,19.0,5.0,6.0,3.0
2013-08-22,3.0,9.0,9.0,6.0,2.0,10.0,13.0,17.0,5.0,1.0,6.0,15.0,16.0,19.0,7.0,8.0,5.0
2013-08-23,8.0,10.0,5.0,11.0,2.0,9.0,14.0,23.0,6.0,9.0,7.0,15.0,10.0,11.0,9.0,7.0,4.0
2013-08-24,6.0,16.0,10.0,8.0,3.0,13.0,20.0,25.0,2.0,10.0,11.0,23.0,18.0,12.0,14.0,15.0,7.0
2013-08-25,6.0,14.0,8.0,1.0,1.0,10.0,15.0,21.0,4.0,7.0,12.0,13.0,16.0,22.0,10.0,19.0,6.0
2013-08-26,2.0,11.0,8.0,6.0,5.0,5.0,4.0,15.0,1.0,6.0,10.0,15.0,13.0,15.0,4.0,3.0,1.0
2013-08-27,3.0,15.0,14.0,4.0,4.0,8.0,5.0,17.0,11.0,4.0,4.0,16.0,8.0,13.0,5.0,3.0,1.0
2013-08-28,5.0,13.0,4.0,7.0,7.0,9.0,7.0,25.0,4.0,1.0,7.0,9.0,9.0,14.0,2.0,6.0,2.0
2013-08-29,1.0,10.0,7.0,3.0,2.0,5.0,5.0,14.0,3.0,2.0,8.0,3.0,8.0,5.0,1.0,3.0,1.0
2013-08-30,0.0,0.0,0.0,0.0,0.0,0.0,0.0,0.0,0.0,0.0,0.0,0.0,0.0,0.0,0.0,0.0,0.0
2013-08-31,5.0,19.0,15.0,6.0,6.0,19.0,8.0,22.0,5.0,9.0,16.0,7.0,14.0,10.0,8.0,7.0,2.0
2013-09-01,6.0,19.0,7.0,10.0,2.0,10.0,2.0,25.0,5.0,4.0,18.0,12.0,6.0,14.0,4.0,16.0,7.0
2013-09-02,5.0,13.0,7.0,7.0,3.0,10.0,5.0,22.0,3.0,2.0,12.0,12.0,6.0,13.0,4.0,7.0,4.0
2013-09-03,1.0,13.0,4.0,3.0,2.0,11.0,6.0,14.0,8.0,6.0,5.0,13.0,11.0,16.0,3.0,6.0,2.0
2013-09-04,8.0,8.0,11.0,4.0,5.0,10.0,8.0,26.0,4.0,8.0,12.0,6.0,9.0,19.0,6.0,9.0,3.0
2013-09-05,4.0,15.0,13.0,8.0,1.0,12.0,7.0,26.0,5.0,4.0,13.0,12.0,9.0,19.0,5.0,6.0,3.0
2013-09-06,1.0,20.0,16.0,5.0,5.0,11.0,2.0,27.0,7.0,10.0,8.0,19.0,6.0,12.0,5.0,8.0,2.0
2013-09-07,10.0,9.0,9.0,5.0,4.0,14.0,12.0,30.0,10.0,5.0,15.0,24.0,6.0,22.0,8.0,13.0,8.0
2013-09-08,4.0,11.0,6.0,4.0,2.0,7.0,4.0,13.0,9.0,8.0,11.0,19.0,6.0,11.0,10.0,7.0,4.0
2013-09-09,2.0,16.0,10.0,6.0,4.0,8.0,10.0,23.0,7.0,3.0,13.0,20.0,13.0,16.0,1.0,9.0,3.0
2013-09-10,4.0,8.0,10.0,7.0,4.0,14.0,6.0,23.0,12.0,5.0,6.0,11.0,8.0,10.0,9.0,5.0,0.0
2013-09-11,3.0,8.0,11.0,10.0,2.0,12.0,6.0,18.0,3.0,7.0,11.0,11.0,11.0,12.0,4.0,5.0,5.0
2013-09-12,6.0,11.0,13.0,7.0,3.0,13.0,7.0,20.0,4.0,3.0,11.0,10.0,11.0,25.0,7.0,5.0,4.0
2013-09-13,2.0,12.0,18.0,12.0,1.0,5.0,7.0,16.0,7.0,1.0,12.0,9.0,14.0,14.0,3.0,11.0,1.0
2013-09-14,3.0,14.0,7.0,5.0,2.0,5.0,9.0,21.0,7.0,6.0,9.0,17.0,9.0,12.0,7.0,9.0,5.0
2013-09-15,6.0,11.0,5.0,5.0,2.0,8.0,10.0,15.0,6.0,5.0,10.0,11.0,15.0,23.0,3.0,13.0,9.0
2013-09-16,3.0,16.0,14.0,3.0,5.0,6.0,9.0,20.0,3.0,6.0,4.0,14.0,15.0,12.0,7.0,9.0,2.0
2013-09-17,6.0,12.0,16.0,6.0,2.0,16.0,8.0,39.0,8.0,9.0,11.0,15.0,17.0,7.0,5.0,9.0,6.0
2013-09-18,2.0,15.0,11.0,8.0,3.0,10.0,11.0,15.0,4.0,6.0,7.0,14.0,8.0,12.0,6.0,7.0,3.0
2013-09-19,4.0,10.0,14.0,8.0,1.0,6.0,8.0,17.0,6.0,1.0,8.0,12.0,6.0,10.0,7.0,2.0,1.0
2013-09-20,4.0,8.0,19.0,6.0,5.0,18.0,14.0,26.0,6.0,7.0,10.0,20.0,7.0,16.0,5.0,15.0,1.0
2013-09-21,5.0,15.0,10.0,11.0,2.0,11.0,10.0,33.0,14.0,6.0,16.0,18.0,19.0,23.0,9.0,4.0,3.0
2013-09-22,5.0,16.0,9.0,7.0,5.0,10.0,10.0,16.0,7.0,4.0,11.0,16.0,16.0,14.0,6.0,8.0,7.0
2013-09-23,2.0,10.0,15.0,9.0,7.0,14.0,6.0,32.0,1.0,12.0,8.0,18.0,11.0,9.0,10.0,11.0,0.0
2013-09-24,3.0,15.0,9.0,6.0,1.0,11.0,10.0,25.0,8.0,3.0,13.0,15.0,6.0,13.0,7.0,9.0,2.0
2013-09-25,3.0,12.0,11.0,7.0,2.0,15.0,11.0,28.0,3.0,8.0,9.0,15.0,10.0,12.0,5.0,5.0,1.0
2013-09-26,2.0,10.0,10.0,4.0,4.0,8.0,10.0,32.0,0.0,8.0,13.0,16.0,7.0,6.0,4.0,5.0,3.0
2013-09-27,4.0,9.0,13.0,10.0,2.0,6.0,7.0,20.0,6.0,6.0,11.0,13.0,8.0,16.0,10.0,5.0,2.0
2013-09-28,2.0,16.0,15.0,5.0,6.0,19.0,4.0,25.0,3.0,8.0,17.0,18.0,17.0,13.0,7.0,13.0,3.0
2013-09-29,3.0,23.0,4.0,5.0,4.0,10.0,9.0,16.0,4.0,12.0,19.0,33.0,14.0,22.0,9.0,7.0,4.0
2013-09-30,3.0,11.0,6.0,6.0,5.0,6.0,5.0,17.0,4.0,7.0,7.0,13.0,5.0,16.0,5.0,12.0,4.0
2013-10-01,2.0,17.0,16.0,4.0,5.0,9.0,9.0,15.0,8.0,6.0,10.0,12.0,8.0,12.0,4.0,5.0,5.0
2013-10-02,5.0,9.0,13.0,4.0,0.0,10.0,8.0,21.0,5.0,10.0,11.0,16.0,6.0,13.0,4.0,8.0,3.0
2013-10-03,2.0,19.0,9.0,13.0,2.0,14.0,9.0,18.0,5.0,9.0,18.0,13.0,12.0,17.0,6.0,7.0,3.0
2013-10-04,5.0,12.0,9.0,7.0,2.0,9.0,10.0,16.0,4.0,4.0,7.0,12.0,6.0,19.0,11.0,18.0,2.0
2013-10-05,7.0,22.0,10.0,9.0,3.0,16.0,11.0,14.0,15.0,4.0,10.0,12.0,8.0,11.0,5.0,5.0,2.0
2013-10-06,5.0,19.0,12.0,6.0,5.0,10.0,3.0,17.0,9.0,9.0,11.0,16.0,12.0,13.0,12.0,11.0,6.0
2013-10-07,4.0,13.0,10.0,6.0,3.0,14.0,8.0,22.0,5.0,6.0,9.0,20.0,8.0,11.0,5.0,5.0,4.0
2013-10-08,5.0,13.0,5.0,8.0,3.0,15.0,5.0,24.0,0.0,4.0,7.0,11.0,2.0,6.0,0.0,8.0,1.0
2013-10-09,2.0,20.0,3.0,4.0,6.0,8.0,5.0,25.0,6.0,3.0,17.0,11.0,11.0,13.0,2.0,6.0,3.0
2013-10-10,2.0,14.0,17.0,7.0,5.0,10.0,6.0,15.0,2.0,6.0,3.0,22.0,15.0,11.0,6.0,10.0,2.0
2013-10-11,8.0,14.0,9.0,13.0,5.0,12.0,13.0,19.0,6.0,7.0,10.0,18.0,19.0,18.0,9.0,8.0,2.0
2013-10-12,7.0,16.0,5.0,13.0,4.0,9.0,9.0,17.0,11.0,7.0,8.0,17.0,24.0,19.0,13.0,3.0,3.0
2013-10-13,6.0,18.0,8.0,4.0,3.0,11.0,13.0,19.0,5.0,6.0,10.0,28.0,5.0,9.0,5.0,9.0,5.0
2013-10-14,6.0,24.0,10.0,3.0,4.0,12.0,7.0,29.0,2.0,5.0,9.0,10.0,9.0,14.0,4.0,5.0,0.0
2013-10-15,7.0,12.0,15.0,8.0,3.0,9.0,3.0,21.0,6.0,6.0,7.0,13.0,15.0,12.0,2.0,5.0,1.0
2013-10-16,1.0,14.0,12.0,4.0,5.0,6.0,5.0,26.0,6.0,15.0,6.0,14.0,11.0,22.0,8.0,6.0,3.0
2013-10-17,2.0,20.0,8.0,7.0,2.0,3.0,4.0,23.0,2.0,5.0,11.0,5.0,11.0,15.0,2.0,9.0,3.0
2013-10-18,7.0,24.0,13.0,8.0,4.0,23.0,4.0,25.0,6.0,5.0,13.0,11.0,12.0,10.0,4.0,17.0,2.0
2013-10-19,0.0,14.0,5.0,14.0,2.0,15.0,10.0,22.0,6.0,8.0,18.0,24.0,12.0,10.0,7.0,8.0,4.0
2013-10-20,4.0,7.0,3.0,5.0,1.0,6.0,9.0,23.0,4.0,9.0,18.0,11.0,12.0,11.0,3.0,6.0,4.0
2013-10-21,6.0,13.0,16.0,5.0,3.0,13.0,3.0,42.0,7.0,5.0,17.0,14.0,10.0,15.0,4.0,7.0,1.0
2013-10-22,1.0,5.0,9.0,5.0,1.0,1.0,1.0,21.0,5.0,3.0,8.0,5.0,5.0,11.0,2.0,4.0,0.0
2013-10-23,0.0,10.0,13.0,3.0,0.0,8.0,3.0,26.0,3.0,6.0,6.0,17.0,12.0,11.0,5.0,4.0,2.0
2013-10-24,3.0,15.0,14.0,4.0,6.0,12.0,6.0,19.0,7.0,4.0,10.0,16.0,9.0,9.0,2.0,8.0,2.0
2013-10-25,0.0,13.0,7.0,5.0,1.0,12.0,7.0,26.0,3.0,2.0,7.0,13.0,7.0,7.0,5.0,12.0,2.0
2013-10-26,1.0,7.0,6.0,5.0,2.0,7.0,3.0,8.0,1.0,2.0,7.0,5.0,6.0,1.0,7.0,2.0,0.0
2013-10-27,0.0,0.0,0.0,0.0,0.0,0.0,0.0,0.0,0.0,0.0,0.0,0.0,0.0,0.0,0.0,0.0,0.0
2013-10-28,0.0,0.0,0.0,0.0,0.0,0.0,0.0,0.0,0.0,0.0,0.0,0.0,0.0,0.0,0.0,0.0,0.0
2013-10-29,0.0,0.0,0.0,0.0,0.0,0.0,0.0,0.0,0.0,0.0,0.0,0.0,0.0,0.0,0.0,0.0,0.0
2013-10-30,0.0,0.0,0.0,0.0,0.0,0.0,0.0,0.0,0.0,0.0,0.0,0.0,0.0,0.0,0.0,0.0,0.0
2013-10-31,0.0,12.0,6.0,7.0,0.0,7.0,5.0,11.0,3.0,8.0,6.0,13.0,7.0,7.0,3.0,5.0,3.0
2013-11-01,2.0,8.0,6.0,4.0,3.0,4.0,6.0,10.0,1.0,1.0,3.0,8.0,2.0,7.0,3.0,2.0,2.0
2013-11-02,0.0,0.0,0.0,0.0,0.0,0.0,0.0,0.0,0.0,0.0,0.0,0.0,0.0,0.0,0.0,0.0,0.0
2013-11-03,0.0,0.0,0.0,0.0,0.0,0.0,0.0,0.0,0.0,0.0,0.0,0.0,0.0,0.0,0.0,0.0,0.0
2013-11-04,0.0,0.0,0.0,0.0,0.0,0.0,0.0,0.0,0.0,0.0,0.0,0.0,0.0,0.0,0.0,0.0,0.0
2013-11-05,0.0,0.0,0.0,0.0,0.0,0.0,0.0,0.0,0.0,0.0,0.0,0.0,0.0,0.0,0.0,0.0,0.0
2013-11-06,0.0,0.0,0.0,0.0,0.0,0.0,0.0,0.0,0.0,0.0,0.0,0.0,0.0,0.0,0.0,0.0,0.0
2013-11-07,0.0,0.0,0.0,0.0,0.0,0.0,0.0,0.0,0.0,0.0,0.0,0.0,0.0,0.0,0.0,0.0,0.0
2013-11-08,2.0,15.0,11.0,10.0,6.0,5.0,15.0,19.0,6.0,8.0,18.0,11.0,6.0,12.0,7.0,7.0,0.0
2013-11-09,2.0,27.0,11.0,10.0,4.0,12.0,9.0,19.0,4.0,6.0,16.0,12.0,8.0,16.0,5.0,5.0,2.0
2013-11-10,6.0,14.0,9.0,5.0,5.0,13.0,13.0,16.0,3.0,9.0,30.0,19.0,15.0,22.0,2.0,9.0,4.0
2013-11-11,0.0,14.0,6.0,3.0,1.0,14.0,9.0,28.0,4.0,6.0,11.0,16.0,5.0,21.0,11.0,10.0,2.0
2013-11-12,3.0,10.0,7.0,6.0,1.0,13.0,8.0,14.0,5.0,3.0,11.0,18.0,12.0,6.0,3.0,4.0,2.0
2013-11-13,2.0,17.0,17.0,4.0,5.0,9.0,8.0,23.0,2.0,9.0,12.0,11.0,9.0,15.0,5.0,20.0,1.0
2013-11-14,2.0,14.0,5.0,7.0,5.0,18.0,6.0,30.0,1.0,8.0,10.0,11.0,7.0,10.0,6.0,9.0,1.0
2013-11-15,5.0,16.0,7.0,8.0,6.0,10.0,9.0,18.0,2.0,6.0,14.0,15.0,21.0,23.0,8.0,15.0,2.0
2013-11-16,5.0,17.0,11.0,8.0,4.0,15.0,11.0,30.0,5.0,10.0,20.0,27.0,16.0,21.0,14.0,14.0,5.0
2013-11-17,3.0,19.0,4.0,9.0,2.0,9.0,20.0,15.0,7.0,15.0,15.0,21.0,18.0,13.0,16.0,9.0,5.0
2013-11-18,6.0,10.0,6.0,7.0,2.0,5.0,7.0,22.0,4.0,8.0,8.0,21.0,13.0,8.0,4.0,10.0,2.0
2013-11-19,4.0,10.0,15.0,4.0,2.0,10.0,6.0,16.0,3.0,3.0,11.0,10.0,6.0,8.0,3.0,7.0,2.0
2013-11-20,4.0,2.0,14.0,12.0,4.0,17.0,10.0,27.0,3.0,4.0,15.0,7.0,16.0,12.0,6.0,8.0,2.0
2013-11-21,5.0,17.0,10.0,6.0,2.0,12.0,9.0,17.0,3.0,6.0,15.0,18.0,21.0,30.0,9.0,3.0,1.0
2013-11-22,3.0,12.0,9.0,9.0,4.0,14.0,7.0,23.0,7.0,10.0,16.0,27.0,9.0,17.0,5.0,8.0,1.0
2013-11-23,4.0,26.0,13.0,7.0,6.0,13.0,12.0,32.0,3.0,5.0,9.0,21.0,12.0,14.0,7.0,12.0,1.0
2013-11-24,6.0,14.0,9.0,5.0,7.0,11.0,15.0,16.0,6.0,8.0,16.0,19.0,15.0,11.0,14.0,11.0,5.0
2013-11-25,4.0,11.0,13.0,5.0,1.0,12.0,10.0,31.0,11.0,2.0,12.0,15.0,11.0,12.0,6.0,7.0,1.0
2013-11-26,2.0,15.0,10.0,3.0,0.0,9.0,6.0,16.0,2.0,5.0,13.0,10.0,12.0,7.0,4.0,6.0,2.0
2013-11-27,1.0,11.0,12.0,2.0,8.0,16.0,7.0,18.0,0.0,6.0,11.0,14.0,16.0,16.0,5.0,7.0,6.0
2013-11-28,4.0,14.0,10.0,6.0,4.0,13.0,8.0,27.0,3.0,6.0,8.0,8.0,15.0,13.0,5.0,12.0,2.0
2013-11-29,8.0,12.0,6.0,8.0,2.0,10.0,5.0,26.0,2.0,4.0,11.0,13.0,18.0,15.0,6.0,9.0,5.0
2013-11-30,2.0,17.0,9.0,9.0,5.0,23.0,9.0,26.0,2.0,7.0,17.0,15.0,5.0,14.0,9.0,11.0,4.0
2013-12-01,2.0,22.0,11.0,4.0,1.0,20.0,9.0,17.0,7.0,6.0,16.0,12.0,10.0,13.0,7.0,10.0,4.0
2013-12-02,1.0,17.0,11.0,5.0,5.0,10.0,7.0,27.0,8.0,12.0,5.0,23.0,15.0,8.0,5.0,13.0,4.0
2013-12-03,4.0,24.0,10.0,5.0,4.0,11.0,4.0,24.0,1.0,2.0,7.0,19.0,10.0,22.0,5.0,6.0,3.0
2013-12-04,6.0,13.0,12.0,4.0,2.0,10.0,8.0,26.0,6.0,7.0,12.0,12.0,12.0,13.0,3.0,10.0,1.0
2013-12-05,4.0,21.0,10.0,8.0,4.0,17.0,9.0,26.0,4.0,2.0,10.0,13.0,11.0,7.0,10.0,9.0,2.0
2013-12-06,4.0,6.0,6.0,5.0,1.0,13.0,8.0,19.0,2.0,6.0,10.0,13.0,10.0,14.0,4.0,5.0,3.0
2013-12-07,2.0,16.0,8.0,5.0,4.0,14.0,10.0,35.0,8.0,6.0,16.0,20.0,6.0,9.0,13.0,7.0,2.0
2013-12-08,2.0,10.0,6.0,7.0,1.0,22.0,10.0,20.0,6.0,10.0,12.0,19.0,8.0,14.0,6.0,18.0,10.0
2013-12-09,2.0,11.0,11.0,3.0,1.0,8.0,10.0,16.0,3.0,4.0,5.0,15.0,6.0,14.0,9.0,3.0,5.0
2013-12-10,4.0,11.0,14.0,6.0,3.0,7.0,7.0,27.0,1.0,6.0,14.0,13.0,9.0,11.0,5.0,6.0,1.0
2013-12-11,4.0,12.0,9.0,7.0,2.0,10.0,5.0,24.0,3.0,3.0,15.0,19.0,10.0,11.0,5.0,12.0,2.0
2013-12-12,6.0,20.0,12.0,4.0,0.0,13.0,6.0,32.0,3.0,2.0,9.0,5.0,5.0,7.0,1.0,7.0,4.0
2013-12-13,6.0,15.0,10.0,12.0,3.0,21.0,8.0,27.0,4.0,5.0,12.0,9.0,9.0,10.0,6.0,7.0,1.0
2013-12-14,4.0,15.0,9.0,13.0,6.0,15.0,13.0,23.0,2.0,11.0,18.0,34.0,12.0,12.0,12.0,11.0,2.0
2013-12-15,5.0,13.0,7.0,9.0,3.0,14.0,13.0,19.0,3.0,13.0,16.0,21.0,8.0,11.0,11.0,8.0,6.0
2013-12-16,3.0,11.0,16.0,6.0,2.0,14.0,7.0,22.0,2.0,3.0,8.0,11.0,20.0,18.0,7.0,10.0,1.0
2013-12-17,7.0,17.0,9.0,10.0,1.0,12.0,6.0,17.0,6.0,6.0,12.0,14.0,10.0,14.0,4.0,13.0,3.0
2013-12-18,1.0,22.0,7.0,11.0,2.0,12.0,7.0,25.0,0.0,6.0,13.0,8.0,8.0,13.0,5.0,2.0,3.0
2013-12-19,0.0,17.0,9.0,11.0,1.0,3.0,2.0,19.0,4.0,2.0,14.0,15.0,6.0,12.0,4.0,7.0,1.0
2013-12-20,5.0,15.0,19.0,6.0,5.0,13.0,8.0,23.0,8.0,3.0,7.0,18.0,7.0,4.0,4.0,11.0,2.0
2013-12-21,2.0,17.0,12.0,9.0,7.0,14.0,10.0,22.0,2.0,10.0,17.0,10.0,20.0,30.0,7.0,17.0,8.0
2013-12-22,6.0,18.0,12.0,11.0,5.0,13.0,9.0,30.0,2.0,6.0,24.0,24.0,12.0,11.0,3.0,16.0,2.0
2013-12-23,3.0,23.0,13.0,11.0,3.0,14.0,4.0,32.0,5.0,6.0,9.0,11.0,11.0,20.0,7.0,8.0,3.0
2013-12-24,0.0,9.0,6.0,6.0,8.0,16.0,11.0,24.0,3.0,5.0,13.0,14.0,11.0,21.0,5.0,8.0,5.0
2013-12-25,7.0,16.0,9.0,10.0,2.0,10.0,6.0,29.0,11.0,3.0,12.0,12.0,24.0,38.0,8.0,14.0,11.0
2013-12-26,0.0,11.0,10.0,3.0,5.0,8.0,5.0,16.0,2.0,6.0,12.0,20.0,8.0,11.0,7.0,5.0,4.0
2013-12-27,3.0,17.0,12.0,5.0,2.0,14.0,2.0,15.0,5.0,4.0,11.0,15.0,5.0,12.0,2.0,5.0,3.0
2013-12-28,3.0,12.0,5.0,5.0,1.0,15.0,3.0,24.0,1.0,7.0,8.0,16.0,14.0,14.0,3.0,7.0,4.0
2013-12-29,1.0,8.0,4.0,5.0,1.0,10.0,7.0,19.0,3.0,4.0,19.0,15.0,7.0,15.0,9.0,14.0,4.0
2013-12-30,6.0,11.0,9.0,7.0,2.0,5.0,8.0,16.0,1.0,6.0,15.0,13.0,13.0,10.0,3.0,16.0,4.0
2013-12-31,2.0,6.0,12.0,7.0,1.0,6.0,8.0,14.0,2.0,8.0,10.0,9.0,10.0,13.0,2.0,9.0,0.0
2014-01-01,4.0,19.0,6.0,2.0,3.0,13.0,6.0,15.0,5.0,8.0,8.0,12.0,15.0,23.0,10.0,15.0,15.0
2014-01-02,4.0,12.0,4.0,6.0,4.0,11.0,8.0,13.0,1.0,2.0,8.0,13.0,5.0,8.0,3.0,11.0,2.0
2014-01-03,4.0,13.0,13.0,9.0,4.0,10.0,11.0,22.0,4.0,8.0,11.0,10.0,8.0,5.0,6.0,4.0,8.0
2014-01-04,5.0,12.0,9.0,5.0,5.0,12.0,10.0,24.0,6.0,7.0,17.0,13.0,17.0,14.0,6.0,9.0,6.0
2014-01-05,2.0,18.0,8.0,11.0,1.0,7.0,9.0,15.0,5.0,6.0,7.0,18.0,8.0,11.0,10.0,10.0,2.0
2014-01-06,2.0,17.0,9.0,1.0,4.0,2.0,6.0,17.0,10.0,2.0,8.0,11.0,4.0,7.0,6.0,4.0,3.0
2014-01-07,4.0,9.0,10.0,6.0,5.0,9.0,8.0,21.0,4.0,5.0,8.0,13.0,11.0,15.0,4.0,7.0,5.0
2014-01-08,2.0,13.0,10.0,3.0,3.0,13.0,8.0,30.0,1.0,5.0,6.0,13.0,10.0,13.0,1.0,7.0,3.0
2014-01-09,2.0,13.0,10.0,7.0,5.0,6.0,5.0,23.0,6.0,8.0,8.0,9.0,11.0,17.0,3.0,8.0,1.0
2014-01-10,4.0,11.0,11.0,12.0,8.0,11.0,7.0,24.0,7.0,4.0,9.0,19.0,6.0,18.0,2.0,9.0,7.0
2014-01-11,2.0,13.0,7.0,11.0,3.0,3.0,13.0,15.0,3.0,6.0,12.0,12.0,11.0,12.0,9.0,9.0,5.0
2014-01-12,4.0,16.0,14.0,7.0,3.0,8.0,11.0,20.0,5.0,9.0,8.0,19.0,6.0,15.0,4.0,7.0,1.0
2014-01-13,3.0,17.0,6.0,7.0,3.0,7.0,12.0,27.0,5.0,4.0,10.0,20.0,6.0,16.0,6.0,13.0,5.0
2014-01-14,8.0,8.0,8.0,12.0,2.0,8.0,7.0,24.0,1.0,8.0,15.0,12.0,7.0,11.0,6.0,7.0,2.0
2014-01-15,3.0,13.0,11.0,9.0,0.0,8.0,9.0,23.0,3.0,7.0,7.0,18.0,7.0,11.0,4.0,7.0,2.0
2014-01-16,4.0,14.0,14.0,11.0,2.0,6.0,6.0,23.0,2.0,7.0,11.0,19.0,8.0,14.0,3.0,7.0,3.0
2014-01-17,3.0,13.0,10.0,7.0,2.0,16.0,3.0,23.0,4.0,2.0,11.0,8.0,10.0,14.0,5.0,11.0,2.0
2014-01-18,3.0,15.0,8.0,7.0,5.0,7.0,10.0,21.0,4.0,5.0,11.0,20.0,4.0,16.0,4.0,11.0,4.0
2014-01-19,5.0,15.0,9.0,6.0,6.0,12.0,8.0,17.0,9.0,6.0,12.0,10.0,15.0,28.0,7.0,12.0,5.0
2014-01-20,3.0,18.0,8.0,3.0,3.0,8.0,11.0,14.0,4.0,5.0,7.0,16.0,11.0,7.0,1.0,7.0,2.0
2014-01-21,3.0,19.0,8.0,5.0,5.0,8.0,7.0,19.0,2.0,8.0,7.0,24.0,5.0,6.0,1.0,11.0,5.0
2014-01-22,7.0,17.0,7.0,9.0,1.0,17.0,7.0,21.0,4.0,5.0,8.0,14.0,7.0,15.0,8.0,5.0,5.0
2014-01-23,2.0,14.0,11.0,11.0,1.0,10.0,4.0,20.0,4.0,3.0,10.0,11.0,8.0,12.0,5.0,13.0,2.0
2014-01-24,1.0,8.0,12.0,6.0,1.0,3.0,7.0,20.0,6.0,2.0,15.0,12.0,13.0,16.0,5.0,14.0,7.0
2014-01-25,9.0,22.0,7.0,4.0,1.0,15.0,10.0,21.0,2.0,6.0,11.0,13.0,15.0,12.0,4.0,7.0,2.0
2014-01-26,0.0,15.0,8.0,7.0,4.0,4.0,7.0,29.0,2.0,8.0,15.0,12.0,7.0,14.0,3.0,10.0,3.0
2014-01-27,5.0,19.0,10.0,5.0,3.0,6.0,6.0,21.0,6.0,8.0,13.0,15.0,10.0,9.0,10.0,5.0,1.0
2014-01-28,2.0,9.0,7.0,6.0,2.0,4.0,5.0,14.0,5.0,11.0,11.0,7.0,15.0,8.0,4.0,9.0,7.0
2014-01-29,3.0,18.0,4.0,5.0,2.0,11.0,11.0,18.0,6.0,3.0,5.0,21.0,13.0,15.0,6.0,10.0,4.0
2014-01-30,4.0,10.0,7.0,2.0,4.0,6.0,4.0,11.0,3.0,5.0,8.0,9.0,13.0,12.0,5.0,8.0,0.0
2014-01-31,2.0,13.0,8.0,6.0,2.0,10.0,7.0,24.0,6.0,3.0,20.0,14.0,6.0,10.0,8.0,7.0,6.0
2014-02-01,2.0,16.0,8.0,6.0,3.0,6.0,6.0,12.0,9.0,3.0,4.0,16.0,13.0,13.0,8.0,8.0,2.0
2014-02-02,3.0,14.0,9.0,8.0,5.0,9.0,6.0,16.0,3.0,9.0,15.0,16.0,8.0,16.0,10.0,12.0,6.0
2014-02-03,2.0,16.0,6.0,6.0,4.0,10.0,5.0,22.0,2.0,4.0,17.0,11.0,2.0,18.0,6.0,8.0,5.0
2014-02-04,2.0,8.0,8.0,3.0,1.0,6.0,4.0,15.0,1.0,12.0,9.0,19.0,1.0,7.0,6.0,6.0,1.0
2014-02-05,4.0,9.0,3.0,9.0,1.0,7.0,7.0,16.0,2.0,9.0,12.0,19.0,8.0,8.0,9.0,7.0,3.0
2014-02-06,2.0,15.0,6.0,5.0,3.0,4.0,5.0,16.0,7.0,3.0,9.0,18.0,4.0,10.0,1.0,6.0,4.0
2014-02-07,3.0,5.0,9.0,7.0,2.0,11.0,5.0,23.0,6.0,6.0,12.0,13.0,5.0,11.0,2.0,9.0,4.0
2014-02-08,6.0,18.0,6.0,10.0,4.0,20.0,5.0,17.0,7.0,6.0,13.0,19.0,18.0,19.0,8.0,9.0,7.0
2014-02-09,5.0,24.0,5.0,10.0,3.0,13.0,11.0,21.0,3.0,10.0,6.0,26.0,15.0,7.0,7.0,11.0,4.0
2014-02-10,0.0,8.0,4.0,9.0,2.0,7.0,7.0,18.0,4.0,4.0,14.0,16.0,9.0,7.0,6.0,11.0,0.0
2014-02-11,1.0,7.0,8.0,3.0,4.0,9.0,8.0,12.0,3.0,4.0,10.0,18.0,5.0,11.0,2.0,7.0,1.0
2014-02-12,4.0,7.0,5.0,4.0,1.0,3.0,1.0,13.0,0.0,4.0,13.0,7.0,8.0,5.0,2.0,2.0,2.0
2014-02-13,1.0,10.0,10.0,7.0,3.0,11.0,4.0,18.0,2.0,2.0,14.0,20.0,9.0,12.0,4.0,11.0,3.0
2014-02-14,4.0,17.0,4.0,7.0,2.0,8.0,3.0,16.0,3.0,5.0,7.0,11.0,8.0,17.0,1.0,8.0,3.0
2014-02-15,4.0,14.0,8.0,9.0,3.0,13.0,4.0,19.0,6.0,7.0,15.0,20.0,13.0,9.0,10.0,7.0,4.0
2014-02-16,2.0,19.0,7.0,8.0,4.0,7.0,8.0,14.0,4.0,8.0,12.0,16.0,14.0,11.0,4.0,12.0,5.0
2014-02-17,2.0,22.0,5.0,3.0,1.0,7.0,6.0,19.0,3.0,8.0,5.0,8.0,14.0,10.0,3.0,7.0,2.0
2014-02-18,2.0,13.0,6.0,12.0,6.0,7.0,5.0,13.0,3.0,2.0,9.0,18.0,10.0,6.0,5.0,4.0,4.0
2014-02-19,3.0,13.0,6.0,9.0,6.0,12.0,9.0,21.0,2.0,2.0,8.0,14.0,8.0,14.0,5.0,5.0,4.0
2014-02-20,1.0,22.0,17.0,6.0,1.0,13.0,5.0,24.0,8.0,3.0,5.0,7.0,11.0,15.0,4.0,4.0,5.0
2014-02-21,3.0,9.0,18.0,9.0,4.0,11.0,12.0,18.0,1.0,4.0,9.0,7.0,11.0,15.0,4.0,6.0,3.0
2014-02-22,6.0,12.0,6.0,10.0,6.0,10.0,7.0,18.0,10.0,2.0,19.0,11.0,11.0,13.0,3.0,8.0,3.0
2014-02-23,4.0,11.0,6.0,6.0,3.0,17.0,4.0,24.0,3.0,7.0,14.0,8.0,12.0,13.0,6.0,8.0,3.0
2014-02-24,1.0,11.0,4.0,2.0,4.0,6.0,2.0,11.0,0.0,4.0,8.0,11.0,8.0,6.0,4.0,6.0,3.0
2014-02-25,1.0,16.0,10.0,6.0,2.0,6.0,6.0,21.0,2.0,7.0,16.0,9.0,9.0,15.0,4.0,6.0,4.0
2014-02-26,4.0,16.0,14.0,6.0,2.0,18.0,3.0,14.0,0.0,3.0,9.0,10.0,11.0,15.0,6.0,8.0,2.0
2014-02-27,7.0,9.0,12.0,7.0,2.0,16.0,12.0,17.0,8.0,8.0,9.0,7.0,7.0,10.0,2.0,7.0,4.0
2014-02-28,1.0,18.0,6.0,7.0,3.0,10.0,9.0,21.0,4.0,4.0,18.0,16.0,13.0,13.0,8.0,9.0,2.0
2014-03-01,2.0,12.0,7.0,8.0,3.0,9.0,9.0,23.0,5.0,5.0,17.0,22.0,6.0,4.0,9.0,10.0,3.0
2014-03-02,5.0,13.0,8.0,6.0,0.0,9.0,22.0,22.0,3.0,8.0,12.0,11.0,7.0,12.0,7.0,5.0,3.0
2014-03-03,3.0,12.0,8.0,6.0,3.0,12.0,10.0,12.0,3.0,7.0,13.0,12.0,10.0,8.0,9.0,8.0,5.0
2014-03-04,3.0,13.0,9.0,6.0,3.0,7.0,8.0,12.0,5.0,4.0,20.0,20.0,10.0,14.0,4.0,7.0,1.0
2014-03-05,1.0,13.0,10.0,4.0,1.0,7.0,6.0,9.0,4.0,9.0,12.0,12.0,9.0,8.0,4.0,6.0,2.0
2014-03-06,6.0,13.0,13.0,5.0,1.0,8.0,11.0,9.0,2.0,9.0,7.0,9.0,18.0,9.0,3.0,6.0,1.0
2014-03-07,4.0,6.0,7.0,5.0,3.0,9.0,4.0,20.0,1.0,4.0,10.0,8.0,13.0,6.0,4.0,8.0,2.0
2014-03-08,4.0,17.0,12.0,7.0,1.0,11.0,2.0,12.0,6.0,6.0,13.0,13.0,10.0,10.0,2.0,10.0,7.0
2014-03-09,7.0,15.0,8.0,5.0,0.0,9.0,5.0,17.0,8.0,6.0,7.0,11.0,11.0,13.0,10.0,10.0,3.0
2014-03-10,3.0,16.0,8.0,12.0,3.0,13.0,5.0,13.0,5.0,3.0,14.0,12.0,13.0,14.0,7.0,14.0,2.0
2014-03-11,2.0,11.0,9.0,3.0,0.0,11.0,10.0,23.0,7.0,1.0,14.0,7.0,7.0,13.0,6.0,4.0,2.0
2014-03-12,4.0,9.0,6.0,3.0,3.0,11.0,7.0,20.0,4.0,2.0,12.0,11.0,6.0,7.0,4.0,4.0,2.0
2014-03-13,3.0,9.0,7.0,5.0,3.0,7.0,8.0,14.0,5.0,5.0,9.0,20.0,6.0,1.0,6.0,3.0,0.0
2014-03-14,0.0,22.0,9.0,5.0,2.0,7.0,5.0,15.0,6.0,2.0,4.0,8.0,8.0,7.0,2.0,5.0,2.0
2014-03-15,6.0,25.0,4.0,7.0,1.0,10.0,13.0,20.0,5.0,8.0,12.0,20.0,14.0,14.0,4.0,12.0,5.0
2014-03-16,3.0,15.0,8.0,6.0,3.0,21.0,11.0,24.0,8.0,13.0,28.0,12.0,3.0,6.0,4.0,13.0,5.0
2014-03-17,4.0,17.0,9.0,9.0,3.0,6.0,12.0,19.0,5.0,8.0,12.0,10.0,15.0,14.0,6.0,14.0,5.0
2014-03-18,2.0,11.0,12.0,3.0,2.0,13.0,9.0,16.0,4.0,1.0,10.0,4.0,7.0,7.0,3.0,8.0,3.0
2014-03-19,4.0,14.0,8.0,3.0,2.0,4.0,9.0,15.0,4.0,1.0,15.0,3.0,6.0,9.0,4.0,12.0,3.0
2014-03-20,2.0,17.0,10.0,3.0,3.0,9.0,6.0,22.0,2.0,7.0,10.0,6.0,5.0,10.0,3.0,3.0,0.0
2014-03-21,2.0,13.0,9.0,3.0,3.0,4.0,11.0,13.0,4.0,9.0,8.0,10.0,8.0,19.0,7.0,1.0,4.0
2014-03-22,6.0,11.0,7.0,4.0,1.0,13.0,6.0,16.0,14.0,7.0,13.0,17.0,20.0,21.0,10.0,14.0,3.0
2014-03-23,5.0,8.0,9.0,4.0,5.0,20.0,9.0,25.0,4.0,11.0,24.0,20.0,17.0,20.0,13.0,13.0,7.0
2014-03-24,7.0,13.0,3.0,6.0,5.0,10.0,7.0,14.0,7.0,3.0,14.0,16.0,6.0,15.0,4.0,7.0,1.0
2014-03-25,4.0,19.0,3.0,6.0,2.0,7.0,7.0,12.0,6.0,8.0,12.0,12.0,16.0,11.0,4.0,5.0,3.0
2014-03-26,2.0,18.0,8.0,4.0,6.0,13.0,8.0,9.0,3.0,4.0,5.0,8.0,14.0,6.0,1.0,5.0,3.0
2014-03-27,5.0,15.0,8.0,7.0,3.0,12.0,12.0,12.0,8.0,6.0,17.0,12.0,3.0,10.0,5.0,9.0,3.0
2014-03-28,3.0,19.0,14.0,6.0,1.0,11.0,11.0,20.0,7.0,9.0,17.0,27.0,6.0,10.0,15.0,5.0,1.0
2014-03-29,5.0,8.0,9.0,7.0,1.0,22.0,9.0,12.0,4.0,6.0,6.0,19.0,16.0,17.0,3.0,13.0,3.0
2014-03-30,12.0,13.0,5.0,8.0,5.0,11.0,7.0,10.0,14.0,2.0,15.0,13.0,12.0,11.0,4.0,6.0,1.0
2014-03-31,3.0,9.0,8.0,2.0,2.0,8.0,8.0,14.0,2.0,4.0,10.0,6.0,6.0,8.0,5.0,9.0,3.0
2014-04-01,1.0,13.0,10.0,5.0,4.0,10.0,6.0,21.0,4.0,5.0,14.0,17.0,8.0,8.0,4.0,7.0,2.0
2014-04-02,5.0,19.0,10.0,9.0,4.0,8.0,3.0,28.0,3.0,2.0,6.0,15.0,12.0,6.0,0.0,11.0,2.0
2014-04-03,2.0,10.0,8.0,9.0,1.0,18.0,10.0,21.0,4.0,8.0,12.0,15.0,12.0,10.0,5.0,7.0,4.0
2014-04-04,4.0,14.0,7.0,5.0,2.0,3.0,6.0,23.0,1.0,3.0,7.0,19.0,7.0,13.0,6.0,7.0,1.0
2014-04-05,1.0,14.0,16.0,8.0,0.0,13.0,3.0,17.0,5.0,5.0,10.0,11.0,11.0,7.0,0.0,6.0,4.0
2014-04-06,3.0,12.0,10.0,10.0,0.0,14.0,18.0,17.0,10.0,17.0,16.0,25.0,4.0,11.0,13.0,9.0,6.0
2014-04-07,0.0,7.0,2.0,0.0,1.0,3.0,1.0,8.0,0.0,0.0,5.0,5.0,2.0,2.0,3.0,1.0,0.0
2014-04-08,3.0,10.0,7.0,1.0,1.0,7.0,4.0,14.0,3.0,3.0,6.0,9.0,5.0,6.0,0.0,6.0,2.0
2014-04-09,4.0,7.0,9.0,3.0,2.0,13.0,8.0,19.0,5.0,6.0,11.0,21.0,5.0,9.0,6.0,12.0,2.0
2014-04-10,4.0,8.0,6.0,6.0,5.0,12.0,8.0,18.0,5.0,13.0,18.0,13.0,4.0,15.0,5.0,4.0,3.0
2014-04-11,9.0,16.0,16.0,8.0,4.0,14.0,12.0,20.0,7.0,5.0,7.0,12.0,11.0,22.0,7.0,7.0,5.0
2014-04-12,6.0,19.0,13.0,7.0,2.0,15.0,10.0,24.0,9.0,5.0,14.0,24.0,17.0,17.0,7.0,16.0,4.0
2014-04-13,2.0,15.0,8.0,5.0,3.0,15.0,12.0,7.0,7.0,4.0,15.0,19.0,16.0,28.0,9.0,8.0,4.0
2014-04-14,4.0,7.0,15.0,8.0,2.0,11.0,5.0,18.0,9.0,6.0,13.0,7.0,3.0,6.0,7.0,3.0,0.0
2014-04-15,2.0,16.0,10.0,8.0,3.0,12.0,5.0,11.0,4.0,10.0,6.0,13.0,7.0,14.0,8.0,9.0,2.0
2014-04-16,0.0,14.0,11.0,5.0,3.0,9.0,7.0,12.0,4.0,6.0,8.0,8.0,7.0,17.0,6.0,4.0,5.0
2014-04-17,8.0,8.0,14.0,6.0,1.0,12.0,15.0,20.0,8.0,4.0,15.0,14.0,14.0,12.0,9.0,10.0,7.0
2014-04-18,4.0,14.0,7.0,6.0,2.0,13.0,8.0,17.0,7.0,9.0,10.0,19.0,9.0,13.0,6.0,11.0,1.0
2014-04-19,2.0,12.0,7.0,5.0,3.0,8.0,10.0,14.0,6.0,8.0,17.0,23.0,13.0,4.0,7.0,6.0,1.0
2014-04-20,1.0,21.0,6.0,6.0,3.0,3.0,4.0,16.0,3.0,2.0,8.0,15.0,14.0,15.0,10.0,4.0,1.0
2014-04-21,7.0,15.0,13.0,6.0,0.0,7.0,7.0,20.0,3.0,5.0,9.0,20.0,13.0,19.0,7.0,5.0,6.0
2014-04-22,3.0,9.0,9.0,4.0,0.0,10.0,4.0,5.0,0.0,3.0,2.0,3.0,6.0,4.0,6.0,3.0,1.0
2014-04-23,5.0,6.0,10.0,7.0,5.0,9.0,8.0,26.0,3.0,2.0,12.0,7.0,17.0,10.0,2.0,8.0,2.0
2014-04-24,5.0,14.0,7.0,2.0,1.0,7.0,5.0,19.0,12.0,3.0,8.0,17.0,9.0,12.0,2.0,14.0,1.0
2014-04-25,1.0,18.0,15.0,9.0,1.0,10.0,10.0,17.0,4.0,1.0,12.0,8.0,6.0,12.0,3.0,8.0,2.0
2014-04-26,5.0,19.0,10.0,10.0,5.0,8.0,9.0,20.0,4.0,2.0,16.0,9.0,9.0,13.0,6.0,8.0,8.0
2014-04-27,2.0,29.0,9.0,9.0,5.0,15.0,10.0,23.0,10.0,5.0,24.0,19.0,17.0,16.0,11.0,13.0,6.0
2014-04-28,6.0,17.0,9.0,10.0,1.0,6.0,6.0,25.0,5.0,7.0,4.0,9.0,7.0,8.0,3.0,7.0,2.0
2014-04-29,7.0,16.0,4.0,9.0,0.0,11.0,6.0,15.0,5.0,15.0,6.0,9.0,9.0,9.0,4.0,9.0,1.0
2014-04-30,5.0,13.0,6.0,4.0,1.0,7.0,13.0,15.0,5.0,6.0,12.0,16.0,6.0,9.0,9.0,5.0,0.0
2014-05-01,8.0,15.0,9.0,14.0,5.0,6.0,7.0,16.0,10.0,7.0,14.0,11.0,9.0,13.0,10.0,13.0,3.0
2014-05-02,5.0,10.0,12.0,7.0,3.0,9.0,8.0,22.0,4.0,6.0,11.0,14.0,11.0,12.0,4.0,7.0,2.0
2014-05-03,6.0,14.0,18.0,11.0,9.0,12.0,14.0,12.0,6.0,8.0,9.0,10.0,4.0,11.0,11.0,3.0,3.0
2014-05-04,3.0,16.0,9.0,7.0,2.0,7.0,4.0,10.0,12.0,8.0,14.0,16.0,12.0,11.0,9.0,4.0,5.0
2014-05-05,3.0,12.0,3.0,4.0,4.0,13.0,10.0,11.0,8.0,6.0,3.0,13.0,10.0,11.0,8.0,2.0,4.0
2014-05-06,1.0,11.0,11.0,2.0,2.0,10.0,11.0,22.0,0.0,2.0,9.0,15.0,11.0,11.0,8.0,7.0,0.0
2014-05-07,1.0,8.0,7.0,6.0,3.0,3.0,11.0,17.0,5.0,1.0,7.0,18.0,6.0,12.0,6.0,1.0,6.0
2014-05-08,1.0,9.0,13.0,7.0,2.0,10.0,9.0,15.0,2.0,3.0,10.0,9.0,9.0,8.0,3.0,4.0,0.0
2014-05-09,1.0,12.0,9.0,7.0,3.0,14.0,7.0,19.0,2.0,8.0,14.0,9.0,13.0,14.0,6.0,7.0,1.0
2014-05-10,3.0,11.0,6.0,4.0,4.0,12.0,21.0,9.0,9.0,10.0,8.0,17.0,5.0,5.0,5.0,7.0,3.0
2014-05-11,5.0,20.0,10.0,6.0,3.0,5.0,8.0,13.0,3.0,9.0,16.0,13.0,21.0,12.0,6.0,8.0,6.0
2014-05-12,2.0,14.0,8.0,7.0,4.0,12.0,10.0,13.0,7.0,4.0,9.0,10.0,8.0,11.0,5.0,10.0,2.0
2014-05-13,1.0,8.0,12.0,9.0,4.0,10.0,6.0,11.0,5.0,5.0,9.0,9.0,4.0,7.0,1.0,7.0,2.0
2014-05-14,2.0,9.0,10.0,5.0,1.0,7.0,7.0,17.0,3.0,3.0,7.0,10.0,5.0,8.0,1.0,7.0,3.0
2014-05-15,6.0,12.0,10.0,11.0,4.0,17.0,5.0,30.0,3.0,6.0,21.0,13.0,15.0,10.0,2.0,4.0,3.0
2014-05-16,6.0,9.0,11.0,11.0,4.0,12.0,17.0,28.0,9.0,5.0,10.0,12.0,6.0,12.0,7.0,12.0,1.0
2014-05-17,3.0,9.0,11.0,12.0,3.0,5.0,7.0,10.0,4.0,8.0,10.0,11.0,3.0,7.0,3.0,9.0,1.0
2014-05-18,3.0,19.0,4.0,6.0,0.0,12.0,10.0,12.0,8.0,4.0,3.0,12.0,5.0,11.0,8.0,4.0,4.0
2014-05-19,4.0,5.0,6.0,4.0,2.0,10.0,11.0,8.0,3.0,9.0,13.0,10.0,12.0,7.0,1.0,2.0,3.0
2014-05-20,3.0,17.0,9.0,3.0,0.0,7.0,6.0,14.0,6.0,7.0,5.0,11.0,5.0,17.0,2.0,11.0,5.0
2014-05-21,5.0,10.0,8.0,4.0,2.0,11.0,5.0,21.0,2.0,6.0,12.0,6.0,6.0,12.0,7.0,13.0,3.0
2014-05-22,5.0,13.0,14.0,8.0,3.0,6.0,9.0,18.0,3.0,2.0,10.0,11.0,5.0,9.0,7.0,5.0,6.0
2014-05-23,10.0,18.0,9.0,8.0,1.0,5.0,12.0,22.0,9.0,5.0,7.0,8.0,10.0,18.0,7.0,11.0,4.0
2014-05-24,3.0,15.0,7.0,11.0,3.0,6.0,5.0,21.0,6.0,7.0,15.0,22.0,5.0,10.0,8.0,6.0,1.0
2014-05-25,3.0,16.0,8.0,6.0,1.0,8.0,16.0,18.0,4.0,7.0,19.0,23.0,11.0,13.0,7.0,7.0,4.0
2014-05-26,5.0,17.0,6.0,6.0,5.0,6.0,7.0,19.0,3.0,7.0,6.0,17.0,6.0,14.0,3.0,7.0,3.0
2014-05-27,3.0,15.0,7.0,10.0,2.0,11.0,11.0,20.0,0.0,4.0,10.0,12.0,13.0,13.0,10.0,11.0,2.0
2014-05-28,3.0,6.0,2.0,3.0,4.0,9.0,4.0,6.0,5.0,4.0,9.0,16.0,4.0,6.0,5.0,6.0,1.0
2014-05-29,1.0,10.0,5.0,4.0,5.0,9.0,7.0,13.0,4.0,3.0,9.0,10.0,3.0,11.0,0.0,8.0,2.0
2014-05-30,4.0,11.0,9.0,7.0,3.0,6.0,8.0,22.0,7.0,7.0,7.0,16.0,10.0,6.0,5.0,5.0,4.0
2014-05-31,3.0,13.0,4.0,4.0,6.0,11.0,12.0,20.0,8.0,16.0,10.0,11.0,13.0,19.0,10.0,10.0,6.0
2014-06-01,1.0,12.0,3.0,6.0,2.0,10.0,5.0,10.0,4.0,7.0,13.0,11.0,8.0,10.0,4.0,11.0,5.0
2014-06-02,6.0,6.0,3.0,0.0,1.0,15.0,8.0,20.0,2.0,7.0,7.0,13.0,15.0,8.0,6.0,9.0,5.0
2014-06-03,3.0,8.0,11.0,3.0,5.0,9.0,6.0,22.0,4.0,9.0,12.0,10.0,7.0,3.0,4.0,5.0,2.0
2014-06-04,7.0,11.0,13.0,5.0,3.0,9.0,6.0,20.0,5.0,9.0,7.0,15.0,3.0,9.0,6.0,6.0,1.0
2014-06-05,2.0,5.0,6.0,4.0,1.0,8.0,6.0,18.0,9.0,8.0,4.0,13.0,10.0,8.0,4.0,8.0,4.0
2014-06-06,3.0,4.0,5.0,10.0,1.0,7.0,2.0,17.0,4.0,2.0,12.0,10.0,2.0,7.0,4.0,10.0,0.0
2014-06-07,5.0,18.0,8.0,7.0,8.0,6.0,8.0,16.0,6.0,4.0,6.0,24.0,22.0,11.0,5.0,3.0,6.0
2014-06-08,3.0,11.0,4.0,5.0,1.0,13.0,11.0,18.0,3.0,7.0,13.0,21.0,11.0,14.0,3.0,6.0,7.0
2014-06-09,3.0,9.0,8.0,2.0,2.0,14.0,3.0,18.0,6.0,8.0,6.0,16.0,4.0,8.0,4.0,5.0,5.0
2014-06-10,4.0,7.0,10.0,8.0,0.0,8.0,4.0,23.0,13.0,3.0,9.0,12.0,10.0,8.0,5.0,8.0,5.0
2014-06-11,3.0,14.0,6.0,11.0,6.0,9.0,7.0,23.0,5.0,2.0,13.0,15.0,11.0,2.0,4.0,4.0,2.0
2014-06-12,1.0,11.0,5.0,6.0,2.0,9.0,7.0,13.0,1.0,10.0,7.0,17.0,15.0,20.0,5.0,8.0,5.0
2014-06-13,2.0,11.0,9.0,4.0,2.0,5.0,7.0,16.0,6.0,3.0,12.0,17.0,9.0,9.0,4.0,4.0,0.0
2014-06-14,3.0,4.0,4.0,2.0,2.0,10.0,6.0,11.0,3.0,4.0,10.0,7.0,5.0,5.0,3.0,5.0,1.0
2014-06-15,1.0,7.0,9.0,6.0,4.0,10.0,9.0,12.0,5.0,2.0,17.0,10.0,5.0,10.0,7.0,4.0,0.0
2014-06-16,2.0,12.0,5.0,2.0,1.0,11.0,9.0,9.0,9.0,4.0,13.0,17.0,10.0,3.0,8.0,7.0,3.0
2014-06-17,2.0,6.0,11.0,5.0,1.0,13.0,4.0,15.0,4.0,5.0,18.0,11.0,21.0,11.0,9.0,6.0,9.0
2014-06-18,1.0,13.0,5.0,2.0,1.0,9.0,6.0,10.0,4.0,3.0,8.0,17.0,10.0,10.0,3.0,5.0,3.0
2014-06-19,3.0,6.0,5.0,5.0,2.0,4.0,8.0,8.0,2.0,10.0,4.0,12.0,10.0,7.0,7.0,7.0,3.0
2014-06-20,4.0,11.0,9.0,1.0,0.0,6.0,4.0,14.0,11.0,1.0,12.0,13.0,13.0,8.0,5.0,4.0,1.0
2014-06-21,7.0,13.0,5.0,11.0,3.0,9.0,11.0,17.0,5.0,7.0,16.0,19.0,9.0,27.0,9.0,7.0,8.0
2014-06-22,6.0,9.0,5.0,8.0,8.0,6.0,8.0,11.0,4.0,6.0,16.0,6.0,10.0,14.0,4.0,14.0,9.0
2014-06-23,0.0,10.0,9.0,9.0,1.0,9.0,5.0,14.0,1.0,6.0,9.0,9.0,13.0,17.0,4.0,4.0,1.0
2014-06-24,4.0,16.0,8.0,2.0,1.0,5.0,4.0,18.0,2.0,3.0,9.0,9.0,5.0,18.0,7.0,5.0,4.0
2014-06-25,4.0,11.0,6.0,5.0,1.0,11.0,5.0,10.0,1.0,7.0,3.0,18.0,5.0,16.0,6.0,5.0,2.0
2014-06-26,6.0,12.0,13.0,4.0,4.0,12.0,9.0,23.0,3.0,4.0,7.0,4.0,8.0,4.0,5.0,7.0,0.0
2014-06-27,3.0,13.0,8.0,0.0,1.0,13.0,8.0,12.0,1.0,3.0,13.0,7.0,5.0,9.0,9.0,5.0,2.0
2014-06-28,0.0,16.0,10.0,2.0,2.0,13.0,12.0,18.0,3.0,2.0,23.0,13.0,10.0,17.0,5.0,5.0,6.0
2014-06-29,4.0,14.0,10.0,7.0,2.0,9.0,11.0,20.0,3.0,5.0,12.0,8.0,8.0,12.0,7.0,5.0,4.0
2014-06-30,3.0,15.0,7.0,6.0,1.0,7.0,8.0,11.0,5.0,4.0,12.0,8.0,6.0,9.0,6.0,6.0,0.0
2014-07-01,2.0,2.0,5.0,4.0,2.0,11.0,4.0,15.0,2.0,6.0,5.0,5.0,4.0,15.0,3.0,3.0,2.0
2014-07-02,3.0,8.0,9.0,8.0,3.0,9.0,8.0,18.0,2.0,2.0,9.0,5.0,9.0,19.0,2.0,10.0,4.0
2014-07-03,5.0,15.0,11.0,5.0,2.0,6.0,9.0,13.0,6.0,6.0,10.0,14.0,7.0,8.0,6.0,8.0,1.0
2014-07-04,2.0,13.0,10.0,5.0,5.0,11.0,3.0,19.0,4.0,2.0,9.0,15.0,7.0,3.0,4.0,6.0,2.0
2014-07-05,0.0,13.0,17.0,5.0,2.0,8.0,3.0,19.0,5.0,5.0,15.0,11.0,8.0,13.0,11.0,8.0,2.0
2014-07-06,5.0,13.0,11.0,4.0,5.0,8.0,11.0,10.0,6.0,8.0,11.0,16.0,10.0,12.0,9.0,8.0,4.0
2014-07-07,3.0,7.0,5.0,2.0,2.0,6.0,3.0,12.0,4.0,6.0,7.0,14.0,10.0,12.0,3.0,3.0,4.0
2014-07-08,3.0,6.0,4.0,7.0,1.0,14.0,7.0,19.0,4.0,7.0,10.0,11.0,5.0,15.0,5.0,12.0,3.0
2014-07-09,0.0,9.0,4.0,5.0,1.0,10.0,8.0,20.0,3.0,5.0,5.0,11.0,10.0,14.0,3.0,10.0,3.0
2014-07-10,6.0,11.0,5.0,10.0,2.0,6.0,3.0,17.0,5.0,4.0,5.0,9.0,5.0,7.0,1.0,7.0,2.0
2014-07-11,8.0,7.0,13.0,4.0,2.0,8.0,7.0,16.0,5.0,7.0,6.0,8.0,9.0,5.0,3.0,7.0,1.0
2014-07-12,7.0,8.0,5.0,11.0,4.0,10.0,8.0,16.0,8.0,1.0,9.0,18.0,12.0,20.0,3.0,5.0,4.0
2014-07-13,5.0,14.0,6.0,4.0,2.0,9.0,7.0,17.0,4.0,7.0,15.0,14.0,9.0,19.0,3.0,9.0,3.0
2014-07-14,2.0,11.0,7.0,8.0,1.0,3.0,5.0,15.0,3.0,8.0,9.0,20.0,15.0,17.0,7.0,8.0,5.0
2014-07-15,2.0,9.0,8.0,7.0,1.0,5.0,3.0,24.0,4.0,6.0,13.0,13.0,4.0,9.0,5.0,10.0,6.0
2014-07-16,5.0,11.0,8.0,6.0,1.0,5.0,3.0,11.0,9.0,7.0,12.0,17.0,9.0,10.0,7.0,14.0,4.0
2014-07-17,0.0,11.0,5.0,10.0,2.0,2.0,5.0,24.0,4.0,4.0,13.0,10.0,16.0,13.0,2.0,13.0,7.0
2014-07-18,7.0,25.0,1.0,2.0,2.0,12.0,10.0,28.0,4.0,4.0,12.0,9.0,9.0,15.0,5.0,10.0,4.0
2014-07-19,7.0,14.0,18.0,6.0,1.0,11.0,6.0,23.0,8.0,1.0,14.0,20.0,13.0,10.0,0.0,13.0,4.0
2014-07-20,1.0,21.0,7.0,2.0,6.0,10.0,4.0,24.0,3.0,3.0,16.0,16.0,18.0,15.0,1.0,5.0,2.0
2014-07-21,3.0,15.0,8.0,6.0,4.0,6.0,4.0,18.0,6.0,4.0,5.0,11.0,11.0,6.0,2.0,3.0,4.0
2014-07-22,5.0,17.0,15.0,3.0,0.0,13.0,4.0,18.0,7.0,6.0,11.0,14.0,6.0,11.0,3.0,7.0,2.0
2014-07-23,2.0,14.0,6.0,7.0,8.0,9.0,5.0,25.0,2.0,9.0,17.0,19.0,10.0,10.0,8.0,4.0,6.0
2014-07-24,5.0,14.0,6.0,9.0,1.0,11.0,13.0,8.0,8.0,10.0,11.0,16.0,10.0,12.0,6.0,13.0,5.0
2014-07-25,3.0,12.0,14.0,5.0,4.0,12.0,4.0,20.0,5.0,3.0,13.0,13.0,12.0,18.0,5.0,6.0,3.0
2014-07-26,8.0,16.0,6.0,3.0,1.0,16.0,8.0,14.0,8.0,6.0,11.0,32.0,19.0,20.0,2.0,11.0,6.0
2014-07-27,6.0,13.0,9.0,5.0,3.0,17.0,9.0,29.0,5.0,12.0,19.0,16.0,13.0,19.0,8.0,9.0,7.0
2014-07-28,2.0,5.0,8.0,2.0,2.0,8.0,6.0,15.0,8.0,5.0,13.0,12.0,8.0,13.0,5.0,14.0,2.0
2014-07-29,5.0,8.0,6.0,4.0,4.0,10.0,2.0,11.0,6.0,5.0,6.0,9.0,6.0,7.0,5.0,4.0,2.0
2014-07-30,2.0,15.0,7.0,5.0,2.0,5.0,7.0,15.0,6.0,3.0,10.0,10.0,12.0,7.0,4.0,10.0,3.0
2014-07-31,4.0,13.0,7.0,8.0,2.0,12.0,9.0,21.0,5.0,2.0,8.0,12.0,10.0,12.0,4.0,8.0,2.0
2014-08-01,5.0,15.0,8.0,10.0,0.0,10.0,6.0,8.0,6.0,8.0,10.0,18.0,10.0,14.0,8.0,7.0,4.0
2014-08-02,2.0,17.0,5.0,6.0,5.0,10.0,6.0,23.0,4.0,9.0,18.0,4.0,11.0,15.0,4.0,8.0,1.0
2014-08-03,6.0,12.0,6.0,8.0,2.0,9.0,12.0,9.0,9.0,4.0,9.0,13.0,8.0,15.0,10.0,6.0,6.0
2014-08-04,2.0,12.0,3.0,1.0,1.0,11.0,5.0,13.0,1.0,5.0,5.0,12.0,10.0,4.0,1.0,12.0,2.0
2014-08-05,4.0,9.0,4.0,5.0,3.0,9.0,6.0,12.0,8.0,10.0,8.0,11.0,10.0,9.0,5.0,7.0,2.0
2014-08-06,9.0,8.0,5.0,6.0,0.0,14.0,9.0,18.0,4.0,8.0,12.0,13.0,7.0,9.0,8.0,6.0,1.0
2014-08-07,3.0,12.0,7.0,6.0,1.0,11.0,11.0,16.0,7.0,7.0,16.0,18.0,3.0,11.0,2.0,5.0,1.0
2014-08-08,5.0,13.0,5.0,7.0,0.0,4.0,1.0,15.0,3.0,4.0,19.0,12.0,9.0,6.0,6.0,9.0,2.0
2014-08-09,3.0,4.0,11.0,10.0,4.0,14.0,11.0,20.0,5.0,5.0,12.0,21.0,13.0,16.0,7.0,5.0,3.0
2014-08-10,4.0,13.0,7.0,2.0,1.0,6.0,10.0,18.0,2.0,5.0,12.0,18.0,5.0,9.0,10.0,2.0,1.0
2014-08-11,7.0,7.0,8.0,3.0,1.0,7.0,7.0,13.0,5.0,13.0,9.0,6.0,8.0,4.0,4.0,7.0,3.0
2014-08-12,6.0,13.0,2.0,6.0,1.0,12.0,4.0,26.0,5.0,9.0,12.0,6.0,10.0,11.0,4.0,4.0,2.0
2014-08-13,2.0,11.0,9.0,6.0,1.0,8.0,6.0,21.0,5.0,6.0,8.0,13.0,8.0,6.0,7.0,7.0,2.0
2014-08-14,5.0,12.0,8.0,8.0,3.0,8.0,8.0,16.0,4.0,6.0,13.0,17.0,11.0,9.0,6.0,7.0,3.0
2014-08-15,11.0,13.0,13.0,2.0,3.0,9.0,7.0,17.0,11.0,6.0,12.0,15.0,15.0,16.0,8.0,10.0,1.0
2014-08-16,5.0,21.0,6.0,8.0,3.0,15.0,11.0,24.0,8.0,4.0,17.0,25.0,3.0,5.0,5.0,14.0,3.0
2014-08-17,9.0,4.0,6.0,6.0,6.0,12.0,13.0,14.0,3.0,10.0,13.0,28.0,8.0,10.0,10.0,9.0,8.0
2014-08-18,2.0,8.0,11.0,8.0,3.0,8.0,4.0,21.0,7.0,10.0,7.0,11.0,7.0,8.0,4.0,11.0,5.0
2014-08-19,3.0,11.0,12.0,4.0,0.0,9.0,8.0,33.0,6.0,12.0,12.0,13.0,6.0,8.0,15.0,7.0,1.0
2014-08-20,6.0,11.0,12.0,8.0,3.0,12.0,8.0,22.0,3.0,6.0,13.0,16.0,9.0,8.0,4.0,13.0,2.0
2014-08-21,2.0,17.0,11.0,7.0,2.0,11.0,12.0,18.0,9.0,6.0,8.0,23.0,12.0,12.0,6.0,12.0,2.0
2014-08-22,4.0,16.0,6.0,15.0,3.0,11.0,10.0,14.0,9.0,8.0,9.0,21.0,6.0,11.0,7.0,7.0,2.0
2014-08-23,6.0,19.0,12.0,10.0,3.0,11.0,17.0,14.0,10.0,9.0,17.0,15.0,12.0,13.0,13.0,13.0,3.0
2014-08-24,0.0,21.0,6.0,14.0,3.0,13.0,14.0,18.0,3.0,7.0,8.0,23.0,10.0,10.0,12.0,7.0,3.0
2014-08-25,9.0,13.0,9.0,8.0,2.0,17.0,10.0,26.0,5.0,4.0,11.0,23.0,11.0,8.0,8.0,6.0,1.0
2014-08-26,9.0,11.0,6.0,4.0,3.0,5.0,4.0,19.0,4.0,6.0,12.0,10.0,12.0,13.0,5.0,10.0,4.0
2014-08-27,4.0,9.0,5.0,5.0,1.0,9.0,3.0,21.0,4.0,4.0,7.0,5.0,10.0,11.0,7.0,5.0,2.0
2014-08-28,0.0,10.0,11.0,6.0,2.0,8.0,11.0,16.0,2.0,6.0,10.0,20.0,14.0,8.0,8.0,15.0,3.0
2014-08-29,5.0,17.0,12.0,3.0,1.0,12.0,9.0,15.0,6.0,1.0,13.0,9.0,10.0,12.0,5.0,12.0,5.0
2014-08-30,8.0,19.0,9.0,7.0,4.0,11.0,11.0,33.0,4.0,3.0,12.0,9.0,14.0,13.0,5.0,17.0,4.0
2014-08-31,0.0,23.0,8.0,2.0,5.0,11.0,12.0,22.0,6.0,9.0,20.0,18.0,16.0,15.0,14.0,16.0,2.0
2014-09-01,6.0,12.0,5.0,9.0,1.0,12.0,4.0,16.0,3.0,7.0,9.0,8.0,7.0,6.0,4.0,1.0,2.0
2014-09-02,3.0,8.0,1.0,7.0,2.0,21.0,7.0,15.0,4.0,9.0,9.0,11.0,1.0,12.0,7.0,6.0,4.0
2014-09-03,8.0,12.0,7.0,3.0,1.0,1.0,10.0,18.0,5.0,5.0,9.0,15.0,10.0,15.0,9.0,11.0,4.0
2014-09-04,2.0,14.0,9.0,5.0,1.0,12.0,5.0,12.0,1.0,4.0,9.0,10.0,12.0,12.0,9.0,12.0,3.0
2014-09-05,4.0,8.0,8.0,9.0,0.0,16.0,3.0,20.0,7.0,6.0,9.0,13.0,7.0,7.0,4.0,3.0,5.0
2014-09-06,3.0,23.0,6.0,9.0,3.0,17.0,14.0,34.0,5.0,9.0,17.0,24.0,13.0,10.0,12.0,11.0,4.0
2014-09-07,3.0,27.0,4.0,8.0,3.0,9.0,8.0,20.0,9.0,3.0,13.0,13.0,8.0,14.0,7.0,12.0,5.0
2014-09-08,4.0,10.0,5.0,8.0,4.0,7.0,4.0,18.0,2.0,12.0,8.0,8.0,5.0,4.0,1.0,6.0,3.0
2014-09-09,6.0,14.0,9.0,4.0,5.0,6.0,7.0,14.0,4.0,7.0,4.0,9.0,8.0,4.0,3.0,4.0,1.0
2014-09-10,2.0,10.0,13.0,9.0,1.0,10.0,6.0,17.0,3.0,4.0,9.0,11.0,7.0,11.0,4.0,4.0,6.0
2014-09-11,1.0,15.0,12.0,6.0,1.0,7.0,5.0,16.0,3.0,4.0,9.0,16.0,10.0,14.0,5.0,8.0,0.0
2014-09-12,7.0,11.0,16.0,7.0,2.0,9.0,15.0,24.0,6.0,7.0,7.0,16.0,12.0,5.0,16.0,12.0,2.0
2014-09-13,4.0,17.0,9.0,4.0,2.0,5.0,8.0,25.0,2.0,4.0,12.0,15.0,9.0,14.0,3.0,9.0,2.0
2014-09-14,5.0,12.0,7.0,7.0,2.0,5.0,18.0,10.0,7.0,10.0,11.0,24.0,9.0,10.0,4.0,18.0,5.0
2014-09-15,3.0,20.0,9.0,4.0,0.0,7.0,9.0,14.0,7.0,6.0,6.0,25.0,14.0,21.0,5.0,10.0,3.0
2014-09-16,1.0,14.0,8.0,6.0,0.0,13.0,7.0,12.0,3.0,3.0,7.0,18.0,11.0,14.0,6.0,10.0,1.0
2014-09-17,5.0,10.0,12.0,4.0,1.0,11.0,11.0,18.0,7.0,2.0,7.0,8.0,14.0,12.0,7.0,11.0,0.0
2014-09-18,3.0,22.0,12.0,8.0,4.0,6.0,7.0,22.0,4.0,8.0,15.0,12.0,10.0,3.0,7.0,4.0,1.0
2014-09-19,4.0,10.0,6.0,5.0,0.0,12.0,2.0,14.0,4.0,4.0,9.0,13.0,9.0,12.0,4.0,5.0,0.0
2014-09-20,2.0,16.0,7.0,6.0,4.0,9.0,10.0,12.0,6.0,6.0,14.0,20.0,7.0,11.0,6.0,8.0,4.0
2014-09-21,6.0,20.0,7.0,9.0,2.0,5.0,13.0,17.0,9.0,8.0,12.0,16.0,11.0,11.0,7.0,9.0,5.0
2014-09-22,3.0,6.0,8.0,1.0,3.0,6.0,7.0,20.0,3.0,5.0,11.0,14.0,12.0,15.0,2.0,9.0,5.0
2014-09-23,3.0,10.0,9.0,5.0,2.0,8.0,9.0,14.0,6.0,8.0,8.0,13.0,3.0,10.0,6.0,5.0,4.0
2014-09-24,1.0,23.0,7.0,6.0,0.0,7.0,5.0,24.0,7.0,8.0,15.0,13.0,8.0,13.0,7.0,7.0,2.0
2014-09-25,4.0,16.0,4.0,9.0,2.0,11.0,5.0,16.0,5.0,9.0,8.0,20.0,8.0,7.0,4.0,8.0,0.0
2014-09-26,3.0,16.0,10.0,11.0,2.0,10.0,11.0,15.0,5.0,2.0,10.0,11.0,6.0,14.0,8.0,9.0,2.0
2014-09-27,5.0,15.0,4.0,9.0,3.0,16.0,5.0,27.0,11.0,3.0,9.0,9.0,6.0,10.0,1.0,11.0,2.0
2014-09-28,7.0,14.0,10.0,9.0,6.0,7.0,9.0,13.0,11.0,9.0,19.0,13.0,11.0,17.0,6.0,11.0,7.0
2014-09-29,3.0,15.0,5.0,8.0,3.0,9.0,5.0,12.0,1.0,4.0,7.0,12.0,1.0,15.0,4.0,6.0,4.0
2014-09-30,4.0,9.0,9.0,12.0,5.0,8.0,7.0,18.0,5.0,3.0,10.0,15.0,7.0,8.0,4.0,10.0,5.0
2014-10-01,2.0,9.0,6.0,4.0,2.0,5.0,4.0,12.0,7.0,6.0,8.0,12.0,8.0,8.0,4.0,6.0,1.0
2014-10-02,1.0,7.0,6.0,5.0,3.0,13.0,6.0,12.0,4.0,5.0,8.0,12.0,4.0,12.0,8.0,6.0,1.0
2014-10-03,6.0,20.0,6.0,3.0,4.0,5.0,4.0,10.0,9.0,8.0,8.0,13.0,6.0,10.0,6.0,5.0,3.0
2014-10-04,7.0,12.0,9.0,2.0,2.0,4.0,10.0,26.0,6.0,8.0,19.0,7.0,4.0,8.0,2.0,10.0,4.0
2014-10-05,1.0,22.0,5.0,5.0,1.0,6.0,8.0,8.0,6.0,7.0,11.0,16.0,5.0,8.0,7.0,6.0,0.0
2014-10-06,0.0,9.0,12.0,5.0,0.0,9.0,8.0,25.0,2.0,5.0,6.0,12.0,7.0,10.0,7.0,7.0,0.0
2014-10-07,3.0,12.0,7.0,8.0,7.0,7.0,15.0,20.0,3.0,6.0,6.0,13.0,6.0,9.0,8.0,4.0,1.0
2014-10-08,3.0,10.0,13.0,0.0,2.0,5.0,3.0,14.0,1.0,6.0,7.0,12.0,4.0,10.0,2.0,11.0,1.0
2014-10-09,5.0,5.0,9.0,5.0,4.0,3.0,6.0,15.0,8.0,9.0,9.0,21.0,8.0,12.0,4.0,10.0,2.0
2014-10-10,6.0,15.0,15.0,8.0,3.0,10.0,6.0,21.0,6.0,14.0,11.0,13.0,14.0,14.0,10.0,7.0,1.0
2014-10-11,4.0,20.0,4.0,3.0,5.0,14.0,8.0,23.0,1.0,9.0,13.0,6.0,12.0,10.0,4.0,16.0,5.0
2014-10-12,2.0,11.0,5.0,5.0,2.0,13.0,6.0,25.0,4.0,13.0,29.0,23.0,11.0,9.0,11.0,6.0,5.0
2014-10-13,1.0,6.0,1.0,3.0,1.0,14.0,7.0,20.0,2.0,5.0,14.0,9.0,11.0,4.0,5.0,10.0,1.0
2014-10-14,4.0,14.0,5.0,8.0,2.0,4.0,5.0,12.0,4.0,8.0,9.0,20.0,7.0,14.0,6.0,5.0,1.0
2014-10-15,3.0,13.0,5.0,4.0,1.0,11.0,9.0,18.0,5.0,7.0,10.0,8.0,10.0,9.0,3.0,6.0,5.0
2014-10-16,2.0,16.0,7.0,7.0,3.0,11.0,7.0,27.0,3.0,6.0,12.0,7.0,6.0,7.0,4.0,3.0,2.0
2014-10-17,3.0,9.0,8.0,3.0,3.0,4.0,7.0,24.0,5.0,9.0,10.0,15.0,9.0,13.0,7.0,9.0,4.0
2014-10-18,3.0,22.0,7.0,5.0,2.0,18.0,12.0,11.0,8.0,7.0,16.0,17.0,6.0,15.0,12.0,17.0,4.0
2014-10-19,0.0,16.0,6.0,8.0,2.0,15.0,9.0,8.0,4.0,6.0,7.0,16.0,9.0,12.0,5.0,8.0,3.0
2014-10-20,7.0,16.0,4.0,6.0,4.0,12.0,6.0,23.0,10.0,5.0,10.0,10.0,14.0,19.0,6.0,9.0,5.0
2014-10-21,2.0,17.0,5.0,7.0,2.0,8.0,13.0,24.0,6.0,12.0,8.0,17.0,5.0,13.0,9.0,5.0,0.0
2014-10-22,1.0,12.0,7.0,7.0,0.0,9.0,12.0,16.0,2.0,1.0,8.0,15.0,4.0,6.0,3.0,6.0,2.0
2014-10-23,2.0,12.0,5.0,5.0,1.0,5.0,4.0,15.0,7.0,6.0,6.0,17.0,9.0,8.0,5.0,8.0,3.0
2014-10-24,0.0,18.0,6.0,1.0,3.0,9.0,8.0,12.0,8.0,7.0,13.0,12.0,9.0,8.0,5.0,9.0,3.0
2014-10-25,6.0,8.0,11.0,3.0,4.0,8.0,9.0,13.0,11.0,6.0,9.0,21.0,6.0,9.0,1.0,12.0,4.0
2014-10-26,4.0,13.0,10.0,4.0,2.0,10.0,10.0,21.0,9.0,4.0,14.0,21.0,20.0,9.0,4.0,9.0,2.0
2014-10-27,3.0,7.0,7.0,6.0,2.0,15.0,6.0,22.0,4.0,4.0,12.0,8.0,5.0,9.0,5.0,8.0,5.0
2014-10-28,6.0,12.0,4.0,7.0,0.0,10.0,8.0,22.0,7.0,6.0,13.0,13.0,10.0,12.0,4.0,8.0,2.0
2014-10-29,4.0,12.0,9.0,3.0,1.0,8.0,4.0,15.0,2.0,7.0,7.0,11.0,9.0,12.0,5.0,8.0,2.0
2014-10-30,1.0,16.0,7.0,3.0,5.0,14.0,4.0,23.0,6.0,1.0,14.0,8.0,13.0,14.0,4.0,6.0,3.0
2014-10-31,6.0,15.0,9.0,5.0,7.0,15.0,4.0,21.0,5.0,2.0,7.0,15.0,12.0,15.0,1.0,14.0,3.0
2014-11-01,4.0,14.0,6.0,7.0,1.0,8.0,7.0,19.0,1.0,10.0,9.0,20.0,9.0,9.0,11.0,3.0,0.0
2014-11-02,4.0,14.0,5.0,6.0,2.0,6.0,13.0,8.0,5.0,8.0,15.0,25.0,12.0,3.0,11.0,8.0,3.0
2014-11-03,3.0,9.0,8.0,6.0,3.0,10.0,5.0,17.0,4.0,10.0,10.0,12.0,6.0,12.0,11.0,9.0,4.0
2014-11-04,7.0,10.0,10.0,4.0,2.0,15.0,5.0,11.0,5.0,11.0,6.0,11.0,8.0,9.0,0.0,12.0,1.0
2014-11-05,2.0,8.0,6.0,7.0,3.0,6.0,7.0,13.0,9.0,2.0,13.0,15.0,5.0,13.0,3.0,8.0,4.0
2014-11-06,3.0,9.0,6.0,5.0,1.0,7.0,10.0,17.0,7.0,9.0,12.0,13.0,7.0,8.0,6.0,8.0,3.0
2014-11-07,1.0,18.0,10.0,13.0,4.0,10.0,6.0,18.0,0.0,2.0,17.0,15.0,8.0,9.0,2.0,7.0,4.0
2014-11-08,3.0,22.0,7.0,4.0,1.0,10.0,5.0,14.0,12.0,6.0,12.0,12.0,12.0,13.0,13.0,8.0,1.0
2014-11-09,2.0,17.0,10.0,4.0,1.0,5.0,9.0,14.0,7.0,7.0,8.0,16.0,9.0,17.0,10.0,11.0,5.0
2014-11-10,7.0,10.0,6.0,1.0,2.0,4.0,5.0,18.0,8.0,7.0,11.0,13.0,6.0,10.0,11.0,6.0,4.0
2014-11-11,5.0,11.0,11.0,4.0,1.0,5.0,4.0,14.0,3.0,7.0,16.0,23.0,10.0,13.0,4.0,7.0,0.0
2014-11-12,4.0,22.0,4.0,5.0,3.0,10.0,11.0,22.0,5.0,8.0,9.0,13.0,4.0,10.0,5.0,9.0,1.0
2014-11-13,1.0,7.0,3.0,3.0,5.0,7.0,3.0,22.0,4.0,2.0,12.0,13.0,5.0,8.0,9.0,3.0,1.0
2014-11-14,3.0,25.0,8.0,11.0,8.0,10.0,9.0,14.0,12.0,8.0,5.0,13.0,10.0,7.0,3.0,8.0,6.0
2014-11-15,3.0,21.0,6.0,5.0,4.0,8.0,13.0,14.0,3.0,6.0,9.0,10.0,19.0,18.0,11.0,5.0,4.0
2014-11-16,5.0,24.0,8.0,6.0,0.0,5.0,2.0,7.0,8.0,9.0,9.0,16.0,13.0,14.0,4.0,4.0,4.0
2014-11-17,7.0,10.0,10.0,7.0,4.0,9.0,8.0,17.0,5.0,6.0,8.0,15.0,15.0,7.0,7.0,12.0,1.0
2014-11-18,5.0,8.0,8.0,5.0,1.0,4.0,6.0,11.0,6.0,12.0,5.0,8.0,4.0,7.0,5.0,9.0,1.0
2014-11-19,0.0,12.0,7.0,3.0,3.0,8.0,5.0,18.0,8.0,4.0,8.0,26.0,10.0,11.0,5.0,7.0,4.0
2014-11-20,8.0,7.0,12.0,3.0,3.0,8.0,7.0,28.0,8.0,6.0,18.0,13.0,4.0,16.0,4.0,8.0,5.0
2014-11-21,8.0,14.0,8.0,6.0,0.0,19.0,11.0,23.0,5.0,11.0,11.0,11.0,14.0,10.0,5.0,13.0,3.0
2014-11-22,3.0,13.0,8.0,7.0,0.0,7.0,8.0,16.0,10.0,5.0,13.0,9.0,7.0,10.0,7.0,9.0,2.0
2014-11-23,3.0,10.0,8.0,7.0,2.0,16.0,12.0,13.0,5.0,11.0,8.0,26.0,5.0,14.0,10.0,10.0,3.0
2014-11-24,4.0,7.0,2.0,4.0,4.0,12.0,4.0,23.0,4.0,4.0,7.0,22.0,12.0,6.0,6.0,7.0,2.0
2014-11-25,3.0,9.0,2.0,5.0,5.0,5.0,5.0,14.0,11.0,4.0,8.0,16.0,10.0,9.0,1.0,5.0,3.0
2014-11-26,5.0,13.0,7.0,5.0,2.0,8.0,10.0,16.0,10.0,5.0,12.0,27.0,7.0,14.0,7.0,2.0,3.0
2014-11-27,4.0,18.0,7.0,5.0,4.0,7.0,3.0,10.0,6.0,5.0,13.0,14.0,12.0,13.0,0.0,7.0,0.0
2014-11-28,2.0,9.0,10.0,7.0,4.0,13.0,1.0,13.0,4.0,6.0,10.0,15.0,10.0,10.0,3.0,16.0,1.0
2014-11-29,5.0,23.0,3.0,11.0,2.0,14.0,13.0,22.0,6.0,13.0,11.0,21.0,16.0,15.0,11.0,11.0,4.0
2014-11-30,0.0,14.0,8.0,3.0,1.0,8.0,6.0,15.0,3.0,5.0,18.0,13.0,10.0,15.0,7.0,6.0,2.0
2014-12-01,2.0,15.0,8.0,3.0,3.0,9.0,8.0,13.0,2.0,4.0,6.0,3.0,6.0,4.0,3.0,3.0,3.0
2014-12-02,5.0,18.0,11.0,10.0,6.0,7.0,4.0,14.0,5.0,2.0,12.0,10.0,7.0,8.0,7.0,4.0,1.0
2014-12-03,3.0,5.0,9.0,1.0,2.0,11.0,8.0,13.0,5.0,5.0,4.0,12.0,5.0,7.0,3.0,9.0,1.0
2014-12-04,7.0,13.0,5.0,12.0,1.0,5.0,7.0,19.0,4.0,1.0,6.0,14.0,4.0,10.0,7.0,5.0,6.0
2014-12-05,6.0,7.0,8.0,9.0,2.0,9.0,2.0,32.0,6.0,5.0,17.0,14.0,9.0,18.0,11.0,12.0,3.0
2014-12-06,12.0,18.0,12.0,2.0,6.0,14.0,8.0,24.0,12.0,2.0,14.0,17.0,21.0,9.0,4.0,11.0,3.0
2014-12-07,4.0,13.0,4.0,11.0,2.0,13.0,16.0,28.0,8.0,5.0,9.0,18.0,10.0,19.0,6.0,16.0,5.0
2014-12-08,5.0,13.0,3.0,6.0,2.0,7.0,9.0,25.0,2.0,3.0,7.0,10.0,7.0,8.0,3.0,10.0,3.0
2014-12-09,4.0,9.0,6.0,4.0,3.0,14.0,5.0,7.0,7.0,2.0,7.0,6.0,4.0,10.0,4.0,5.0,0.0
2014-12-10,2.0,19.0,5.0,7.0,0.0,7.0,5.0,13.0,6.0,6.0,6.0,11.0,6.0,20.0,4.0,6.0,4.0
2014-12-11,5.0,9.0,11.0,5.0,3.0,9.0,4.0,19.0,12.0,3.0,15.0,7.0,14.0,15.0,3.0,7.0,4.0
2014-12-12,4.0,20.0,7.0,9.0,4.0,16.0,5.0,21.0,6.0,8.0,15.0,17.0,12.0,13.0,7.0,8.0,3.0
2014-12-13,22.0,17.0,5.0,6.0,1.0,11.0,5.0,18.0,4.0,4.0,16.0,12.0,12.0,13.0,7.0,13.0,3.0
2014-12-14,8.0,14.0,1.0,5.0,3.0,11.0,11.0,16.0,8.0,5.0,9.0,16.0,10.0,20.0,6.0,7.0,4.0
2014-12-15,1.0,9.0,11.0,8.0,1.0,12.0,16.0,13.0,6.0,1.0,5.0,8.0,8.0,15.0,2.0,3.0,2.0
2014-12-16,5.0,6.0,9.0,8.0,5.0,11.0,8.0,16.0,3.0,9.0,1.0,13.0,12.0,7.0,3.0,7.0,2.0
2014-12-17,4.0,8.0,3.0,5.0,1.0,10.0,9.0,18.0,7.0,5.0,15.0,16.0,13.0,7.0,2.0,6.0,0.0
2014-12-18,6.0,16.0,6.0,7.0,5.0,9.0,7.0,9.0,8.0,10.0,17.0,9.0,16.0,9.0,2.0,5.0,1.0
2014-12-19,3.0,16.0,10.0,4.0,7.0,10.0,9.0,18.0,5.0,4.0,7.0,12.0,13.0,21.0,3.0,9.0,6.0
2014-12-20,4.0,10.0,12.0,8.0,2.0,15.0,3.0,19.0,6.0,5.0,10.0,18.0,16.0,21.0,7.0,17.0,6.0
2014-12-21,5.0,25.0,5.0,5.0,3.0,15.0,7.0,6.0,6.0,4.0,7.0,8.0,14.0,12.0,3.0,7.0,3.0
2014-12-22,2.0,8.0,7.0,8.0,3.0,5.0,3.0,18.0,8.0,1.0,11.0,11.0,10.0,12.0,7.0,6.0,1.0
2014-12-23,3.0,11.0,5.0,4.0,1.0,9.0,11.0,13.0,3.0,1.0,16.0,18.0,6.0,4.0,5.0,7.0,2.0
2014-12-24,2.0,17.0,6.0,2.0,3.0,16.0,5.0,21.0,2.0,8.0,13.0,12.0,14.0,13.0,5.0,6.0,1.0
2014-12-25,4.0,10.0,5.0,1.0,2.0,12.0,9.0,20.0,8.0,7.0,8.0,18.0,13.0,14.0,10.0,10.0,3.0
2014-12-26,3.0,15.0,6.0,6.0,3.0,6.0,9.0,19.0,14.0,5.0,11.0,7.0,6.0,13.0,2.0,13.0,3.0
2014-12-27,3.0,16.0,5.0,5.0,1.0,17.0,3.0,22.0,7.0,6.0,15.0,8.0,12.0,16.0,7.0,12.0,8.0
2014-12-28,6.0,15.0,3.0,8.0,1.0,9.0,6.0,8.0,4.0,6.0,21.0,9.0,8.0,13.0,6.0,10.0,4.0
2014-12-29,2.0,5.0,6.0,5.0,3.0,8.0,4.0,24.0,3.0,6.0,5.0,15.0,6.0,16.0,3.0,11.0,3.0
2014-12-30,1.0,8.0,6.0,5.0,2.0,5.0,10.0,17.0,4.0,5.0,9.0,19.0,2.0,10.0,7.0,3.0,1.0
2014-12-31,3.0,11.0,5.0,6.0,0.0,9.0,8.0,12.0,3.0,5.0,10.0,15.0,10.0,10.0,10.0,6.0,1.0
2015-01-01,1.0,13.0,3.0,5.0,2.0,4.0,6.0,10.0,2.0,5.0,8.0,10.0,7.0,10.0,4.0,3.0,4.0
2015-01-02,6.0,15.0,7.0,2.0,3.0,13.0,5.0,14.0,5.0,5.0,11.0,11.0,4.0,7.0,4.0,7.0,2.0
2015-01-03,5.0,9.0,6.0,3.0,1.0,10.0,2.0,21.0,5.0,1.0,12.0,6.0,2.0,13.0,4.0,3.0,2.0
2015-01-04,2.0,16.0,3.0,2.0,2.0,9.0,8.0,25.0,6.0,5.0,23.0,8.0,10.0,11.0,7.0,9.0,1.0
2015-01-05,3.0,7.0,5.0,9.0,3.0,5.0,9.0,21.0,3.0,3.0,6.0,11.0,9.0,13.0,5.0,6.0,3.0
2015-01-06,0.0,20.0,8.0,2.0,4.0,12.0,6.0,11.0,4.0,5.0,10.0,9.0,8.0,8.0,7.0,6.0,2.0
2015-01-07,4.0,15.0,7.0,6.0,3.0,4.0,7.0,14.0,9.0,7.0,3.0,6.0,6.0,9.0,5.0,6.0,2.0
2015-01-08,0.0,11.0,7.0,4.0,1.0,5.0,3.0,12.0,6.0,9.0,7.0,10.0,5.0,9.0,5.0,7.0,0.0
2015-01-09,2.0,17.0,8.0,7.0,3.0,16.0,8.0,15.0,4.0,1.0,9.0,14.0,6.0,7.0,3.0,16.0,4.0
2015-01-10,2.0,16.0,4.0,4.0,6.0,9.0,8.0,19.0,3.0,3.0,14.0,11.0,8.0,5.0,8.0,3.0,1.0
2015-01-11,2.0,15.0,8.0,10.0,3.0,11.0,2.0,18.0,2.0,4.0,9.0,11.0,9.0,11.0,9.0,12.0,2.0
2015-01-12,2.0,9.0,3.0,5.0,3.0,7.0,3.0,15.0,6.0,6.0,6.0,7.0,10.0,13.0,1.0,12.0,6.0
2015-01-13,1.0,7.0,5.0,2.0,1.0,4.0,5.0,16.0,3.0,4.0,13.0,5.0,7.0,7.0,5.0,7.0,0.0
2015-01-14,4.0,4.0,3.0,6.0,2.0,11.0,7.0,11.0,7.0,5.0,10.0,6.0,8.0,7.0,6.0,11.0,4.0
2015-01-15,4.0,9.0,3.0,6.0,1.0,12.0,4.0,15.0,7.0,2.0,7.0,15.0,8.0,4.0,3.0,8.0,3.0
2015-01-16,3.0,11.0,5.0,4.0,7.0,7.0,9.0,26.0,6.0,3.0,20.0,13.0,11.0,11.0,2.0,13.0,4.0
2015-01-17,4.0,14.0,8.0,6.0,4.0,4.0,11.0,20.0,4.0,4.0,11.0,20.0,10.0,20.0,8.0,9.0,3.0
2015-01-18,4.0,12.0,7.0,4.0,3.0,14.0,3.0,12.0,4.0,6.0,17.0,12.0,4.0,12.0,4.0,7.0,0.0
2015-01-19,1.0,2.0,7.0,6.0,3.0,9.0,6.0,10.0,2.0,9.0,11.0,12.0,6.0,9.0,6.0,6.0,4.0
2015-01-20,6.0,9.0,9.0,2.0,2.0,8.0,5.0,13.0,3.0,7.0,11.0,9.0,4.0,7.0,7.0,6.0,5.0
2015-01-21,1.0,8.0,5.0,5.0,2.0,10.0,2.0,19.0,3.0,4.0,12.0,9.0,9.0,10.0,5.0,2.0,5.0
2015-01-22,5.0,9.0,1.0,5.0,2.0,3.0,8.0,15.0,4.0,3.0,11.0,16.0,17.0,9.0,6.0,13.0,2.0
2015-01-23,6.0,13.0,7.0,4.0,6.0,10.0,3.0,12.0,1.0,1.0,16.0,9.0,8.0,7.0,6.0,11.0,5.0
2015-01-24,7.0,13.0,3.0,11.0,1.0,13.0,4.0,18.0,7.0,5.0,9.0,14.0,2.0,11.0,1.0,9.0,2.0
2015-01-25,8.0,7.0,4.0,6.0,5.0,5.0,3.0,19.0,13.0,5.0,17.0,11.0,4.0,11.0,4.0,10.0,5.0
2015-01-26,4.0,10.0,9.0,7.0,2.0,8.0,5.0,15.0,11.0,7.0,14.0,7.0,4.0,12.0,1.0,10.0,4.0
2015-01-27,3.0,18.0,4.0,5.0,3.0,8.0,2.0,9.0,4.0,4.0,10.0,16.0,6.0,1.0,4.0,6.0,2.0
2015-01-28,4.0,14.0,4.0,3.0,3.0,8.0,2.0,18.0,7.0,4.0,6.0,11.0,9.0,14.0,5.0,6.0,2.0
2015-01-29,0.0,12.0,10.0,0.0,2.0,12.0,7.0,16.0,3.0,9.0,17.0,11.0,4.0,11.0,6.0,7.0,2.0
2015-01-30,4.0,12.0,5.0,8.0,2.0,17.0,10.0,18.0,11.0,3.0,8.0,10.0,13.0,8.0,4.0,8.0,2.0
2015-01-31,6.0,14.0,6.0,12.0,3.0,8.0,9.0,16.0,8.0,8.0,20.0,16.0,19.0,12.0,7.0,15.0,0.0
2015-02-01,5.0,10.0,3.0,6.0,1.0,10.0,9.0,11.0,7.0,8.0,8.0,16.0,9.0,13.0,10.0,9.0,1.0
2015-02-02,4.0,9.0,7.0,4.0,2.0,11.0,6.0,17.0,3.0,4.0,12.0,20.0,5.0,11.0,9.0,12.0,1.0
2015-02-03,5.0,10.0,8.0,3.0,0.0,6.0,4.0,14.0,6.0,4.0,12.0,14.0,7.0,4.0,5.0,2.0,2.0
2015-02-04,6.0,11.0,5.0,4.0,2.0,6.0,2.0,16.0,1.0,4.0,13.0,16.0,12.0,7.0,4.0,9.0,2.0
2015-02-05,9.0,5.0,8.0,7.0,5.0,7.0,6.0,11.0,4.0,3.0,12.0,6.0,10.0,11.0,4.0,9.0,1.0
2015-02-06,6.0,6.0,2.0,5.0,1.0,13.0,4.0,12.0,4.0,3.0,8.0,13.0,4.0,10.0,6.0,12.0,1.0
2015-02-07,6.0,13.0,7.0,3.0,1.0,11.0,10.0,21.0,4.0,6.0,9.0,12.0,12.0,8.0,5.0,9.0,3.0
2015-02-08,7.0,16.0,2.0,14.0,3.0,6.0,9.0,20.0,16.0,3.0,8.0,13.0,9.0,10.0,5.0,7.0,5.0
2015-02-09,9.0,10.0,6.0,10.0,2.0,10.0,6.0,16.0,11.0,7.0,10.0,10.0,8.0,8.0,6.0,3.0,3.0
2015-02-10,3.0,4.0,3.0,3.0,1.0,12.0,3.0,22.0,7.0,4.0,12.0,14.0,9.0,6.0,4.0,5.0,2.0
2015-02-11,2.0,7.0,8.0,4.0,2.0,8.0,4.0,16.0,5.0,2.0,15.0,18.0,8.0,7.0,3.0,10.0,3.0
2015-02-12,3.0,14.0,8.0,4.0,4.0,11.0,5.0,16.0,8.0,9.0,11.0,9.0,11.0,7.0,9.0,4.0,1.0
2015-02-13,4.0,18.0,3.0,8.0,2.0,6.0,11.0,10.0,2.0,2.0,6.0,15.0,9.0,9.0,9.0,4.0,3.0
2015-02-14,3.0,20.0,7.0,7.0,6.0,8.0,8.0,11.0,5.0,2.0,9.0,15.0,16.0,15.0,1.0,4.0,7.0
2015-02-15,1.0,15.0,4.0,3.0,2.0,14.0,8.0,23.0,3.0,12.0,15.0,10.0,6.0,7.0,5.0,7.0,4.0
2015-02-16,3.0,24.0,5.0,7.0,2.0,12.0,10.0,19.0,2.0,4.0,10.0,14.0,2.0,14.0,6.0,6.0,3.0
2015-02-17,1.0,14.0,8.0,6.0,1.0,6.0,11.0,15.0,10.0,10.0,9.0,15.0,8.0,8.0,8.0,9.0,2.0
2015-02-18,0.0,12.0,5.0,1.0,2.0,12.0,4.0,13.0,8.0,4.0,14.0,7.0,20.0,12.0,4.0,9.0,1.0
2015-02-19,1.0,17.0,12.0,8.0,2.0,10.0,9.0,14.0,3.0,2.0,12.0,9.0,10.0,10.0,2.0,4.0,5.0
2015-02-20,2.0,13.0,4.0,5.0,1.0,5.0,14.0,11.0,1.0,5.0,9.0,12.0,12.0,9.0,1.0,7.0,2.0
2015-02-21,11.0,11.0,5.0,7.0,3.0,6.0,11.0,26.0,11.0,6.0,14.0,11.0,10.0,8.0,10.0,8.0,7.0
2015-02-22,1.0,23.0,10.0,7.0,3.0,6.0,7.0,11.0,7.0,8.0,16.0,17.0,13.0,7.0,7.0,5.0,2.0
2015-02-23,1.0,21.0,3.0,3.0,1.0,5.0,7.0,11.0,6.0,2.0,11.0,10.0,7.0,8.0,6.0,7.0,2.0
2015-02-24,8.0,4.0,5.0,3.0,2.0,8.0,5.0,11.0,4.0,5.0,13.0,14.0,7.0,3.0,8.0,5.0,2.0
2015-02-25,3.0,13.0,4.0,2.0,1.0,13.0,11.0,13.0,1.0,5.0,12.0,10.0,6.0,13.0,3.0,8.0,4.0
2015-02-26,1.0,14.0,7.0,7.0,1.0,10.0,8.0,14.0,3.0,7.0,14.0,17.0,8.0,13.0,4.0,4.0,3.0
2015-02-27,3.0,17.0,2.0,5.0,1.0,13.0,11.0,22.0,6.0,9.0,9.0,18.0,5.0,16.0,7.0,11.0,1.0
2015-02-28,3.0,22.0,7.0,5.0,0.0,5.0,4.0,21.0,6.0,3.0,20.0,12.0,6.0,12.0,7.0,5.0,1.0
2015-03-01,2.0,12.0,6.0,9.0,2.0,6.0,6.0,12.0,7.0,1.0,21.0,10.0,9.0,15.0,8.0,7.0,3.0
2015-03-02,4.0,14.0,8.0,8.0,5.0,9.0,6.0,15.0,4.0,6.0,10.0,13.0,9.0,11.0,6.0,9.0,0.0
2015-03-03,3.0,13.0,6.0,7.0,5.0,9.0,8.0,28.0,4.0,7.0,13.0,12.0,7.0,12.0,4.0,11.0,3.0
2015-03-04,6.0,10.0,3.0,3.0,7.0,5.0,11.0,29.0,5.0,2.0,11.0,20.0,8.0,14.0,7.0,9.0,3.0
2015-03-05,4.0,13.0,10.0,9.0,6.0,7.0,8.0,23.0,7.0,10.0,10.0,17.0,12.0,11.0,5.0,9.0,2.0
2015-03-06,9.0,14.0,6.0,5.0,1.0,13.0,4.0,24.0,5.0,5.0,14.0,10.0,6.0,11.0,7.0,6.0,0.0
2015-03-07,4.0,15.0,12.0,9.0,0.0,11.0,8.0,13.0,2.0,4.0,22.0,13.0,10.0,9.0,6.0,12.0,3.0
2015-03-08,3.0,16.0,5.0,7.0,2.0,5.0,11.0,18.0,3.0,3.0,26.0,21.0,11.0,9.0,5.0,7.0,1.0
2015-03-09,2.0,10.0,6.0,3.0,6.0,11.0,5.0,18.0,3.0,3.0,3.0,21.0,6.0,11.0,7.0,16.0,2.0
2015-03-10,3.0,13.0,8.0,4.0,4.0,22.0,3.0,13.0,7.0,5.0,10.0,13.0,3.0,9.0,7.0,7.0,3.0
2015-03-11,6.0,7.0,6.0,7.0,3.0,12.0,5.0,21.0,3.0,6.0,16.0,7.0,7.0,8.0,6.0,14.0,5.0
2015-03-12,9.0,11.0,6.0,6.0,1.0,9.0,3.0,26.0,8.0,2.0,6.0,11.0,1.0,8.0,7.0,6.0,5.0
2015-03-13,3.0,9.0,2.0,7.0,4.0,6.0,8.0,12.0,7.0,18.0,9.0,18.0,11.0,11.0,4.0,7.0,3.0
2015-03-14,0.0,19.0,8.0,6.0,6.0,7.0,9.0,17.0,4.0,4.0,10.0,9.0,11.0,11.0,2.0,10.0,7.0
2015-03-15,9.0,15.0,7.0,8.0,2.0,6.0,2.0,17.0,14.0,13.0,6.0,19.0,8.0,8.0,7.0,13.0,3.0
2015-03-16,4.0,16.0,4.0,4.0,2.0,14.0,9.0,16.0,6.0,1.0,8.0,12.0,9.0,5.0,4.0,9.0,1.0
2015-03-17,4.0,11.0,6.0,5.0,0.0,9.0,6.0,14.0,4.0,3.0,10.0,20.0,16.0,16.0,5.0,12.0,3.0
2015-03-18,6.0,10.0,7.0,5.0,3.0,8.0,6.0,13.0,1.0,2.0,15.0,7.0,12.0,8.0,7.0,15.0,1.0
2015-03-19,6.0,14.0,10.0,5.0,1.0,9.0,5.0,18.0,3.0,9.0,5.0,10.0,6.0,6.0,4.0,7.0,2.0
2015-03-20,5.0,11.0,6.0,4.0,3.0,9.0,6.0,19.0,8.0,5.0,13.0,13.0,14.0,9.0,14.0,5.0,1.0
2015-03-21,1.0,13.0,6.0,6.0,5.0,10.0,1.0,10.0,8.0,9.0,7.0,11.0,10.0,14.0,4.0,12.0,2.0
2015-03-22,3.0,13.0,9.0,15.0,4.0,13.0,4.0,20.0,5.0,6.0,9.0,7.0,12.0,12.0,7.0,6.0,6.0
2015-03-23,3.0,14.0,7.0,5.0,0.0,3.0,6.0,13.0,2.0,2.0,7.0,12.0,12.0,9.0,6.0,8.0,3.0
2015-03-24,5.0,10.0,3.0,3.0,0.0,4.0,3.0,10.0,3.0,4.0,8.0,13.0,8.0,9.0,4.0,7.0,1.0
2015-03-25,4.0,20.0,7.0,4.0,0.0,9.0,4.0,7.0,2.0,6.0,10.0,10.0,5.0,5.0,4.0,10.0,6.0
2015-03-26,2.0,11.0,7.0,5.0,1.0,9.0,2.0,17.0,2.0,3.0,11.0,15.0,9.0,7.0,7.0,7.0,6.0
2015-03-27,3.0,12.0,8.0,6.0,0.0,11.0,5.0,16.0,7.0,3.0,7.0,16.0,10.0,12.0,5.0,11.0,2.0
2015-03-28,4.0,10.0,10.0,7.0,3.0,9.0,6.0,15.0,14.0,1.0,10.0,5.0,16.0,16.0,12.0,12.0,2.0
2015-03-29,6.0,14.0,4.0,2.0,2.0,8.0,13.0,15.0,5.0,4.0,3.0,9.0,13.0,12.0,3.0,10.0,3.0
2015-03-30,2.0,9.0,6.0,7.0,1.0,8.0,7.0,13.0,4.0,2.0,8.0,10.0,6.0,14.0,4.0,7.0,0.0
2015-03-31,4.0,16.0,5.0,6.0,0.0,6.0,6.0,19.0,12.0,7.0,10.0,8.0,5.0,10.0,4.0,3.0,2.0
2015-04-01,1.0,8.0,12.0,8.0,4.0,3.0,5.0,12.0,4.0,3.0,8.0,11.0,10.0,8.0,0.0,2.0,2.0
2015-04-02,3.0,10.0,8.0,5.0,2.0,3.0,6.0,9.0,6.0,3.0,12.0,11.0,12.0,10.0,4.0,11.0,1.0
2015-04-03,2.0,19.0,8.0,8.0,2.0,5.0,17.0,15.0,5.0,10.0,11.0,28.0,23.0,18.0,7.0,8.0,3.0
2015-04-04,10.0,9.0,10.0,10.0,7.0,10.0,9.0,17.0,10.0,6.0,8.0,10.0,14.0,14.0,9.0,7.0,6.0
2015-04-05,5.0,14.0,6.0,5.0,3.0,14.0,5.0,9.0,6.0,4.0,13.0,14.0,8.0,9.0,8.0,5.0,3.0
2015-04-06,5.0,5.0,6.0,4.0,0.0,3.0,10.0,12.0,2.0,6.0,6.0,11.0,7.0,4.0,2.0,8.0,1.0
2015-04-07,7.0,8.0,3.0,3.0,4.0,6.0,5.0,10.0,4.0,5.0,12.0,10.0,7.0,13.0,3.0,7.0,1.0
2015-04-08,7.0,20.0,4.0,5.0,1.0,12.0,8.0,20.0,4.0,2.0,10.0,9.0,9.0,6.0,4.0,12.0,1.0
2015-04-09,2.0,9.0,7.0,6.0,3.0,14.0,7.0,17.0,5.0,7.0,12.0,12.0,4.0,8.0,5.0,11.0,1.0
2015-04-10,4.0,11.0,10.0,9.0,4.0,13.0,10.0,20.0,3.0,5.0,8.0,22.0,9.0,10.0,2.0,12.0,1.0
2015-04-11,3.0,21.0,10.0,10.0,2.0,4.0,4.0,20.0,9.0,2.0,8.0,16.0,5.0,3.0,6.0,6.0,4.0
2015-04-12,5.0,13.0,4.0,5.0,2.0,6.0,10.0,8.0,7.0,6.0,10.0,15.0,14.0,19.0,8.0,8.0,6.0
2015-04-13,0.0,9.0,1.0,7.0,4.0,15.0,8.0,23.0,5.0,6.0,7.0,11.0,12.0,9.0,2.0,6.0,5.0
2015-04-14,3.0,8.0,4.0,2.0,5.0,20.0,2.0,19.0,3.0,6.0,8.0,10.0,17.0,17.0,2.0,8.0,2.0
2015-04-15,2.0,12.0,14.0,4.0,1.0,5.0,6.0,19.0,5.0,5.0,14.0,9.0,10.0,8.0,4.0,10.0,1.0
2015-04-16,1.0,13.0,5.0,4.0,3.0,8.0,9.0,9.0,2.0,6.0,4.0,15.0,11.0,6.0,8.0,10.0,3.0
2015-04-17,0.0,9.0,9.0,6.0,1.0,8.0,9.0,10.0,9.0,5.0,10.0,12.0,8.0,13.0,3.0,8.0,3.0
2015-04-18,4.0,6.0,11.0,5.0,4.0,16.0,7.0,20.0,8.0,6.0,13.0,19.0,18.0,8.0,7.0,6.0,4.0
2015-04-19,3.0,11.0,3.0,3.0,3.0,6.0,8.0,16.0,4.0,12.0,11.0,10.0,11.0,9.0,4.0,7.0,3.0
2015-04-20,3.0,12.0,4.0,3.0,2.0,4.0,4.0,5.0,3.0,6.0,6.0,21.0,7.0,19.0,5.0,8.0,4.0
2015-04-21,3.0,14.0,10.0,5.0,2.0,12.0,5.0,16.0,10.0,6.0,5.0,12.0,7.0,11.0,9.0,6.0,2.0
2015-04-22,6.0,11.0,8.0,7.0,2.0,9.0,5.0,13.0,7.0,9.0,9.0,6.0,11.0,5.0,5.0,17.0,3.0
2015-04-23,4.0,8.0,6.0,6.0,6.0,9.0,4.0,12.0,0.0,2.0,11.0,10.0,7.0,10.0,4.0,6.0,2.0
2015-04-24,5.0,14.0,1.0,3.0,1.0,13.0,9.0,16.0,6.0,6.0,5.0,9.0,6.0,5.0,2.0,8.0,4.0
2015-04-25,3.0,12.0,2.0,7.0,3.0,3.0,7.0,19.0,11.0,8.0,16.0,20.0,11.0,8.0,7.0,11.0,4.0
2015-04-26,5.0,27.0,4.0,7.0,1.0,3.0,7.0,22.0,4.0,5.0,15.0,11.0,13.0,15.0,4.0,8.0,5.0
2015-04-27,1.0,4.0,6.0,2.0,3.0,4.0,1.0,10.0,5.0,6.0,9.0,9.0,13.0,13.0,2.0,5.0,6.0
2015-04-28,2.0,8.0,7.0,2.0,2.0,3.0,5.0,20.0,5.0,7.0,9.0,21.0,12.0,8.0,7.0,12.0,5.0
2015-04-29,6.0,20.0,8.0,2.0,4.0,8.0,8.0,17.0,10.0,5.0,4.0,16.0,11.0,4.0,2.0,6.0,2.0
2015-04-30,7.0,18.0,11.0,8.0,2.0,4.0,11.0,21.0,7.0,7.0,13.0,8.0,9.0,8.0,9.0,4.0,2.0
2015-05-01,7.0,20.0,8.0,7.0,2.0,9.0,6.0,21.0,4.0,4.0,18.0,9.0,8.0,11.0,10.0,13.0,2.0
2015-05-02,3.0,17.0,8.0,4.0,1.0,10.0,6.0,24.0,11.0,4.0,17.0,14.0,12.0,14.0,4.0,7.0,2.0
2015-05-03,1.0,12.0,7.0,7.0,6.0,8.0,14.0,12.0,8.0,12.0,6.0,22.0,7.0,13.0,7.0,14.0,4.0
2015-05-04,3.0,14.0,7.0,11.0,4.0,11.0,9.0,19.0,1.0,4.0,8.0,5.0,10.0,11.0,9.0,7.0,2.0
2015-05-05,2.0,12.0,9.0,5.0,2.0,11.0,5.0,13.0,9.0,5.0,7.0,7.0,5.0,9.0,3.0,9.0,1.0
2015-05-06,4.0,8.0,11.0,4.0,2.0,13.0,11.0,8.0,5.0,3.0,8.0,8.0,6.0,8.0,4.0,10.0,3.0
2015-05-07,6.0,12.0,2.0,3.0,3.0,11.0,7.0,18.0,5.0,6.0,8.0,12.0,8.0,6.0,3.0,9.0,0.0
2015-05-08,1.0,12.0,9.0,6.0,3.0,11.0,3.0,15.0,5.0,5.0,7.0,6.0,13.0,8.0,6.0,10.0,2.0
2015-05-09,3.0,9.0,5.0,4.0,5.0,17.0,5.0,16.0,3.0,5.0,11.0,6.0,6.0,9.0,11.0,11.0,4.0
2015-05-10,5.0,10.0,9.0,5.0,5.0,12.0,10.0,21.0,6.0,6.0,12.0,14.0,19.0,23.0,12.0,11.0,7.0
2015-05-11,3.0,11.0,3.0,8.0,3.0,8.0,8.0,18.0,3.0,6.0,8.0,17.0,10.0,13.0,10.0,11.0,2.0
2015-05-12,3.0,12.0,5.0,12.0,8.0,9.0,3.0,15.0,3.0,7.0,4.0,17.0,7.0,10.0,3.0,11.0,1.0
2015-05-13,3.0,9.0,2.0,5.0,3.0,5.0,6.0,18.0,5.0,6.0,9.0,12.0,11.0,8.0,6.0,12.0,1.0
2015-05-14,3.0,6.0,7.0,5.0,2.0,15.0,5.0,12.0,8.0,4.0,15.0,18.0,8.0,7.0,4.0,6.0,4.0
2015-05-15,7.0,14.0,7.0,6.0,1.0,9.0,6.0,15.0,7.0,5.0,4.0,15.0,15.0,16.0,4.0,16.0,1.0
2015-05-16,5.0,9.0,10.0,9.0,1.0,18.0,10.0,18.0,8.0,10.0,11.0,22.0,10.0,12.0,6.0,18.0,5.0
2015-05-17,6.0,20.0,5.0,7.0,6.0,10.0,7.0,16.0,13.0,7.0,11.0,15.0,15.0,20.0,5.0,11.0,2.0
2015-05-18,2.0,8.0,1.0,6.0,2.0,6.0,8.0,17.0,7.0,4.0,12.0,10.0,5.0,7.0,6.0,6.0,7.0
2015-05-19,6.0,15.0,11.0,3.0,0.0,9.0,10.0,13.0,11.0,5.0,6.0,12.0,9.0,11.0,8.0,3.0,3.0
2015-05-20,5.0,14.0,5.0,5.0,1.0,9.0,9.0,13.0,3.0,9.0,9.0,14.0,7.0,7.0,4.0,7.0,0.0
2015-05-21,6.0,19.0,4.0,7.0,2.0,10.0,16.0,11.0,9.0,8.0,10.0,14.0,8.0,15.0,4.0,12.0,2.0
2015-05-22,4.0,11.0,5.0,5.0,1.0,11.0,18.0,20.0,6.0,7.0,10.0,15.0,8.0,10.0,5.0,7.0,2.0
2015-05-23,1.0,18.0,7.0,2.0,2.0,13.0,8.0,24.0,5.0,1.0,9.0,20.0,7.0,19.0,7.0,12.0,4.0
2015-05-24,3.0,17.0,3.0,6.0,5.0,14.0,10.0,19.0,11.0,12.0,13.0,17.0,13.0,10.0,10.0,9.0,3.0
2015-05-25,4.0,8.0,8.0,5.0,1.0,8.0,8.0,21.0,9.0,11.0,19.0,11.0,11.0,7.0,5.0,11.0,2.0
2015-05-26,4.0,4.0,7.0,3.0,2.0,11.0,15.0,18.0,6.0,4.0,7.0,13.0,12.0,17.0,11.0,12.0,2.0
2015-05-27,1.0,10.0,6.0,3.0,3.0,7.0,10.0,14.0,5.0,7.0,13.0,13.0,6.0,12.0,6.0,8.0,1.0
2015-05-28,6.0,8.0,10.0,8.0,1.0,11.0,8.0,15.0,6.0,4.0,11.0,19.0,9.0,10.0,10.0,8.0,2.0
2015-05-29,2.0,11.0,7.0,7.0,4.0,13.0,7.0,24.0,2.0,6.0,11.0,10.0,10.0,9.0,6.0,2.0,4.0
2015-05-30,3.0,5.0,5.0,6.0,6.0,6.0,7.0,23.0,11.0,9.0,5.0,17.0,14.0,13.0,5.0,7.0,3.0
2015-05-31,2.0,15.0,3.0,6.0,0.0,11.0,17.0,19.0,11.0,9.0,12.0,14.0,12.0,17.0,8.0,8.0,10.0
2015-06-01,2.0,14.0,7.0,7.0,4.0,11.0,9.0,17.0,3.0,10.0,9.0,13.0,8.0,4.0,5.0,4.0,6.0
2015-06-02,0.0,5.0,3.0,6.0,5.0,12.0,10.0,13.0,4.0,4.0,6.0,17.0,12.0,4.0,8.0,10.0,1.0
2015-06-03,3.0,15.0,13.0,8.0,9.0,7.0,9.0,21.0,7.0,7.0,6.0,16.0,3.0,13.0,9.0,8.0,3.0
2015-06-04,5.0,18.0,9.0,10.0,2.0,11.0,7.0,14.0,4.0,6.0,13.0,17.0,11.0,22.0,2.0,14.0,4.0
2015-06-05,7.0,17.0,7.0,7.0,2.0,7.0,7.0,24.0,10.0,11.0,11.0,25.0,15.0,22.0,8.0,15.0,3.0
2015-06-06,5.0,11.0,11.0,11.0,4.0,11.0,9.0,15.0,13.0,4.0,10.0,19.0,11.0,16.0,6.0,12.0,5.0
2015-06-07,8.0,19.0,6.0,10.0,6.0,11.0,9.0,16.0,3.0,8.0,14.0,13.0,14.0,11.0,6.0,12.0,4.0
2015-06-08,5.0,12.0,1.0,3.0,3.0,8.0,5.0,19.0,6.0,6.0,1.0,16.0,12.0,9.0,5.0,8.0,2.0
2015-06-09,0.0,12.0,10.0,9.0,1.0,8.0,8.0,21.0,4.0,6.0,4.0,14.0,5.0,17.0,14.0,8.0,4.0
2015-06-10,5.0,8.0,6.0,6.0,4.0,10.0,7.0,20.0,6.0,3.0,9.0,10.0,6.0,8.0,1.0,13.0,2.0
2015-06-11,4.0,15.0,11.0,8.0,3.0,8.0,11.0,12.0,6.0,5.0,14.0,17.0,7.0,9.0,5.0,7.0,4.0
2015-06-12,3.0,10.0,7.0,7.0,2.0,8.0,6.0,15.0,8.0,5.0,15.0,12.0,11.0,10.0,10.0,12.0,3.0
2015-06-13,9.0,13.0,6.0,4.0,5.0,10.0,4.0,16.0,5.0,5.0,10.0,8.0,17.0,8.0,4.0,12.0,2.0
2015-06-14,2.0,10.0,3.0,4.0,2.0,7.0,10.0,19.0,6.0,10.0,9.0,25.0,9.0,8.0,8.0,14.0,2.0
2015-06-15,3.0,11.0,5.0,11.0,4.0,5.0,11.0,14.0,5.0,7.0,6.0,15.0,11.0,11.0,8.0,5.0,2.0
2015-06-16,4.0,15.0,6.0,4.0,3.0,8.0,6.0,7.0,3.0,3.0,8.0,4.0,5.0,4.0,3.0,6.0,2.0
2015-06-17,5.0,5.0,7.0,4.0,2.0,8.0,4.0,11.0,5.0,7.0,5.0,12.0,4.0,9.0,3.0,9.0,0.0
2015-06-18,5.0,12.0,10.0,5.0,1.0,12.0,10.0,12.0,6.0,4.0,11.0,9.0,9.0,5.0,5.0,6.0,2.0
2015-06-19,3.0,10.0,12.0,9.0,4.0,10.0,9.0,25.0,4.0,3.0,12.0,10.0,5.0,14.0,3.0,10.0,0.0
2015-06-20,6.0,14.0,9.0,7.0,1.0,11.0,9.0,14.0,3.0,8.0,13.0,18.0,8.0,9.0,8.0,9.0,4.0
2015-06-21,5.0,8.0,4.0,4.0,4.0,7.0,15.0,22.0,13.0,7.0,8.0,27.0,8.0,14.0,6.0,9.0,6.0
2015-06-22,2.0,7.0,12.0,4.0,2.0,12.0,2.0,21.0,3.0,5.0,10.0,20.0,10.0,7.0,6.0,14.0,3.0
2015-06-23,5.0,6.0,6.0,4.0,3.0,6.0,10.0,11.0,6.0,3.0,7.0,16.0,15.0,6.0,4.0,6.0,2.0
2015-06-24,6.0,4.0,6.0,3.0,4.0,10.0,4.0,12.0,6.0,7.0,10.0,16.0,9.0,19.0,7.0,11.0,2.0
2015-06-25,2.0,6.0,8.0,7.0,0.0,11.0,8.0,12.0,4.0,7.0,7.0,12.0,8.0,2.0,6.0,11.0,2.0
2015-06-26,2.0,15.0,8.0,1.0,2.0,9.0,11.0,12.0,4.0,7.0,12.0,15.0,8.0,12.0,7.0,7.0,1.0
2015-06-27,6.0,12.0,8.0,8.0,7.0,5.0,11.0,14.0,10.0,6.0,13.0,20.0,7.0,12.0,9.0,13.0,7.0
2015-06-28,2.0,19.0,7.0,3.0,3.0,10.0,10.0,13.0,5.0,1.0,3.0,17.0,18.0,14.0,5.0,14.0,5.0
2015-06-29,5.0,9.0,4.0,4.0,2.0,9.0,2.0,13.0,7.0,3.0,10.0,5.0,7.0,11.0,5.0,7.0,0.0
2015-06-30,3.0,9.0,7.0,1.0,5.0,13.0,5.0,14.0,6.0,2.0,7.0,15.0,1.0,4.0,11.0,10.0,2.0
2015-07-01,2.0,14.0,10.0,8.0,3.0,12.0,6.0,20.0,4.0,7.0,5.0,17.0,15.0,12.0,4.0,9.0,2.0
2015-07-02,3.0,8.0,6.0,7.0,3.0,9.0,2.0,16.0,4.0,4.0,10.0,9.0,10.0,12.0,6.0,8.0,3.0
2015-07-03,3.0,11.0,8.0,6.0,3.0,17.0,12.0,12.0,10.0,11.0,7.0,13.0,11.0,12.0,5.0,7.0,2.0
2015-07-04,8.0,7.0,12.0,3.0,1.0,17.0,9.0,21.0,6.0,6.0,14.0,13.0,20.0,10.0,5.0,15.0,5.0
2015-07-05,2.0,13.0,4.0,6.0,2.0,15.0,8.0,21.0,2.0,9.0,11.0,19.0,12.0,16.0,7.0,11.0,5.0
2015-07-06,4.0,12.0,3.0,1.0,1.0,21.0,11.0,9.0,9.0,5.0,12.0,18.0,12.0,10.0,3.0,5.0,2.0
2015-07-07,1.0,15.0,6.0,3.0,4.0,16.0,4.0,19.0,3.0,5.0,7.0,9.0,12.0,11.0,7.0,8.0,3.0
2015-07-08,5.0,8.0,7.0,5.0,5.0,8.0,9.0,12.0,8.0,8.0,8.0,11.0,5.0,12.0,13.0,5.0,4.0
2015-07-09,4.0,11.0,10.0,7.0,3.0,12.0,5.0,19.0,12.0,8.0,8.0,9.0,9.0,14.0,9.0,7.0,2.0
2015-07-10,5.0,12.0,3.0,7.0,0.0,11.0,3.0,20.0,15.0,13.0,12.0,17.0,12.0,11.0,4.0,2.0,1.0
2015-07-11,4.0,13.0,3.0,4.0,7.0,6.0,8.0,11.0,5.0,9.0,17.0,16.0,8.0,21.0,2.0,12.0,2.0
2015-07-12,3.0,18.0,7.0,4.0,0.0,7.0,9.0,10.0,5.0,5.0,7.0,14.0,13.0,11.0,5.0,7.0,2.0
2015-07-13,2.0,14.0,11.0,3.0,2.0,9.0,8.0,12.0,1.0,8.0,12.0,13.0,6.0,11.0,4.0,10.0,3.0
2015-07-14,3.0,10.0,8.0,1.0,2.0,8.0,10.0,14.0,4.0,5.0,11.0,16.0,5.0,9.0,4.0,5.0,2.0
2015-07-15,6.0,8.0,4.0,8.0,2.0,7.0,4.0,14.0,9.0,3.0,10.0,12.0,6.0,6.0,5.0,10.0,3.0
2015-07-16,4.0,13.0,8.0,9.0,3.0,8.0,8.0,14.0,2.0,3.0,8.0,8.0,10.0,6.0,1.0,9.0,2.0
2015-07-17,6.0,4.0,8.0,3.0,4.0,4.0,5.0,7.0,1.0,3.0,1.0,12.0,7.0,9.0,4.0,9.0,1.0
2015-07-18,4.0,16.0,13.0,6.0,4.0,12.0,8.0,13.0,11.0,4.0,13.0,23.0,13.0,17.0,13.0,10.0,1.0
2015-07-19,1.0,11.0,1.0,6.0,2.0,5.0,13.0,15.0,3.0,10.0,14.0,7.0,8.0,6.0,2.0,10.0,2.0
2015-07-20,0.0,0.0,1.0,0.0,1.0,2.0,2.0,3.0,0.0,3.0,2.0,2.0,0.0,2.0,0.0,1.0,1.0
2015-07-21,0.0,3.0,3.0,1.0,2.0,5.0,6.0,8.0,1.0,4.0,4.0,9.0,3.0,1.0,3.0,7.0,0.0
2015-07-22,0.0,3.0,7.0,5.0,2.0,10.0,4.0,7.0,7.0,9.0,9.0,15.0,0.0,7.0,4.0,5.0,3.0
2015-07-23,2.0,7.0,3.0,10.0,9.0,13.0,15.0,22.0,15.0,13.0,19.0,27.0,10.0,17.0,8.0,13.0,5.0
2015-07-24,0.0,15.0,4.0,4.0,7.0,7.0,8.0,18.0,10.0,14.0,20.0,27.0,22.0,10.0,11.0,25.0,3.0
2015-07-25,1.0,11.0,17.0,13.0,5.0,7.0,12.0,10.0,7.0,16.0,20.0,27.0,15.0,18.0,7.0,17.0,2.0
2015-07-26,0.0,19.0,9.0,4.0,8.0,16.0,20.0,22.0,11.0,26.0,28.0,33.0,10.0,5.0,15.0,24.0,5.0
2015-07-27,0.0,6.0,8.0,7.0,2.0,7.0,11.0,13.0,4.0,12.0,9.0,15.0,16.0,6.0,10.0,11.0,5.0
2015-07-28,0.0,9.0,14.0,12.0,4.0,11.0,5.0,18.0,3.0,11.0,11.0,13.0,10.0,2.0,7.0,9.0,3.0
2015-07-29,2.0,8.0,11.0,10.0,6.0,13.0,5.0,21.0,3.0,5.0,7.0,21.0,4.0,4.0,6.0,10.0,9.0
2015-07-30,1.0,13.0,5.0,6.0,7.0,12.0,9.0,17.0,2.0,11.0,6.0,15.0,23.0,15.0,9.0,6.0,10.0
2015-07-31,0.0,14.0,6.0,9.0,2.0,7.0,16.0,18.0,0.0,14.0,7.0,8.0,10.0,6.0,8.0,14.0,4.0
2015-08-01,0.0,23.0,4.0,7.0,4.0,15.0,12.0,25.0,0.0,13.0,11.0,16.0,11.0,12.0,9.0,15.0,0.0
2015-08-02,2.0,29.0,6.0,13.0,3.0,9.0,12.0,21.0,0.0,7.0,19.0,12.0,16.0,16.0,15.0,9.0,2.0
2015-08-03,0.0,6.0,8.0,5.0,4.0,5.0,10.0,10.0,0.0,7.0,6.0,5.0,12.0,6.0,4.0,4.0,1.0
2015-08-04,1.0,10.0,8.0,5.0,2.0,6.0,16.0,13.0,0.0,9.0,5.0,11.0,8.0,10.0,9.0,9.0,0.0
2015-08-05,0.0,8.0,5.0,5.0,2.0,7.0,14.0,13.0,0.0,7.0,7.0,11.0,4.0,15.0,7.0,10.0,1.0
2015-08-06,1.0,23.0,9.0,6.0,1.0,17.0,10.0,27.0,0.0,11.0,6.0,20.0,9.0,8.0,5.0,11.0,4.0
2015-08-07,0.0,14.0,8.0,5.0,4.0,7.0,9.0,22.0,0.0,8.0,14.0,18.0,11.0,9.0,5.0,10.0,2.0
2015-08-08,1.0,11.0,11.0,9.0,4.0,14.0,5.0,18.0,0.0,5.0,12.0,13.0,11.0,23.0,8.0,9.0,2.0
2015-08-09,1.0,14.0,7.0,5.0,2.0,10.0,9.0,20.0,0.0,6.0,11.0,11.0,11.0,17.0,11.0,16.0,5.0
2015-08-10,2.0,10.0,5.0,2.0,0.0,12.0,10.0,17.0,0.0,12.0,4.0,12.0,10.0,15.0,1.0,12.0,2.0
2015-08-11,1.0,18.0,8.0,3.0,6.0,10.0,12.0,21.0,0.0,9.0,8.0,16.0,12.0,11.0,5.0,5.0,4.0
2015-08-12,0.0,5.0,5.0,5.0,0.0,5.0,7.0,13.0,0.0,9.0,2.0,7.0,6.0,18.0,4.0,9.0,3.0
2015-08-13,1.0,9.0,7.0,6.0,5.0,12.0,8.0,21.0,0.0,9.0,13.0,11.0,13.0,13.0,5.0,8.0,2.0
2015-08-14,1.0,16.0,4.0,5.0,5.0,16.0,9.0,26.0,0.0,9.0,7.0,16.0,7.0,8.0,8.0,7.0,2.0
2015-08-15,1.0,16.0,4.0,6.0,4.0,12.0,15.0,15.0,0.0,7.0,8.0,11.0,11.0,18.0,9.0,8.0,7.0
2015-08-16,0.0,25.0,7.0,11.0,5.0,19.0,17.0,18.0,0.0,4.0,11.0,12.0,17.0,20.0,15.0,13.0,10.0
2015-08-17,0.0,20.0,5.0,3.0,3.0,15.0,15.0,14.0,0.0,6.0,8.0,21.0,9.0,9.0,5.0,9.0,2.0
2015-08-18,0.0,16.0,13.0,9.0,3.0,16.0,9.0,16.0,0.0,7.0,10.0,21.0,9.0,8.0,5.0,13.0,2.0
2015-08-19,0.0,14.0,10.0,7.0,0.0,11.0,6.0,27.0,0.0,2.0,10.0,20.0,8.0,8.0,5.0,21.0,1.0
2015-08-20,2.0,14.0,4.0,5.0,3.0,6.0,13.0,19.0,0.0,10.0,8.0,14.0,7.0,13.0,9.0,12.0,0.0
2015-08-21,2.0,10.0,10.0,9.0,2.0,10.0,15.0,22.0,0.0,11.0,15.0,15.0,3.0,16.0,6.0,22.0,1.0
2015-08-22,1.0,11.0,15.0,4.0,7.0,11.0,12.0,31.0,0.0,12.0,9.0,19.0,12.0,24.0,8.0,20.0,4.0
2015-08-23,0.0,22.0,11.0,8.0,4.0,7.0,20.0,21.0,0.0,6.0,16.0,29.0,6.0,22.0,9.0,27.0,4.0
2015-08-24,1.0,9.0,8.0,8.0,6.0,9.0,9.0,12.0,0.0,8.0,8.0,14.0,6.0,9.0,7.0,17.0,1.0
2015-08-25,0.0,10.0,4.0,8.0,2.0,5.0,13.0,12.0,0.0,2.0,12.0,17.0,9.0,9.0,14.0,13.0,3.0
2015-08-26,0.0,12.0,17.0,6.0,15.0,8.0,25.0,26.0,1.0,5.0,8.0,17.0,22.0,16.0,19.0,23.0,3.0
2015-08-27,1.0,17.0,21.0,4.0,8.0,7.0,28.0,16.0,3.0,10.0,11.0,18.0,25.0,12.0,9.0,13.0,7.0
2015-08-28,1.0,22.0,15.0,7.0,13.0,8.0,14.0,26.0,0.0,9.0,10.0,28.0,18.0,1.0,12.0,18.0,5.0
2015-08-29,0.0,14.0,12.0,9.0,10.0,2.0,26.0,32.0,1.0,12.0,5.0,20.0,16.0,12.0,12.0,14.0,9.0
2015-08-30,0.0,13.0,8.0,6.0,4.0,9.0,14.0,20.0,0.0,18.0,6.0,15.0,8.0,7.0,3.0,10.0,2.0
2015-08-31,0.0,17.0,13.0,9.0,6.0,5.0,4.0,20.0,3.0,17.0,10.0,21.0,7.0,6.0,11.0,17.0,8.0
2015-09-01,0.0,21.0,2.0,6.0,1.0,5.0,8.0,13.0,0.0,16.0,8.0,20.0,6.0,8.0,6.0,11.0,6.0
2015-09-02,2.0,7.0,14.0,3.0,5.0,8.0,7.0,21.0,5.0,11.0,8.0,22.0,14.0,6.0,5.0,5.0,4.0
2015-09-03,5.0,14.0,8.0,13.0,6.0,10.0,9.0,17.0,4.0,6.0,16.0,21.0,13.0,10.0,7.0,17.0,6.0
2015-09-04,7.0,19.0,10.0,8.0,6.0,7.0,19.0,24.0,10.0,10.0,12.0,22.0,19.0,6.0,9.0,14.0,2.0
2015-09-05,5.0,13.0,11.0,6.0,5.0,4.0,15.0,13.0,11.0,6.0,10.0,13.0,11.0,12.0,9.0,23.0,8.0
2015-09-06,3.0,7.0,4.0,6.0,1.0,6.0,12.0,12.0,9.0,16.0,7.0,20.0,18.0,5.0,9.0,19.0,1.0
2015-09-07,4.0,12.0,13.0,2.0,3.0,2.0,9.0,10.0,9.0,17.0,5.0,12.0,19.0,8.0,6.0,13.0,10.0
2015-09-08,5.0,20.0,10.0,6.0,3.0,5.0,7.0,17.0,4.0,14.0,8.0,20.0,10.0,11.0,6.0,21.0,7.0
2015-09-09,1.0,15.0,7.0,10.0,5.0,9.0,11.0,16.0,12.0,16.0,8.0,17.0,13.0,3.0,11.0,14.0,3.0
2015-09-10,0.0,2.0,1.0,1.0,1.0,2.0,4.0,2.0,1.0,1.0,1.0,2.0,4.0,4.0,2.0,3.0,1.0
2015-09-11,4.0,6.0,7.0,5.0,4.0,4.0,12.0,12.0,4.0,6.0,10.0,6.0,8.0,15.0,2.0,22.0,6.0
2015-09-12,4.0,2.0,7.0,1.0,5.0,0.0,3.0,5.0,2.0,4.0,3.0,6.0,8.0,5.0,4.0,3.0,2.0
2015-09-13,3.0,15.0,11.0,6.0,7.0,8.0,8.0,22.0,3.0,18.0,18.0,34.0,36.0,26.0,20.0,19.0,14.0
2015-09-14,7.0,5.0,7.0,5.0,8.0,9.0,16.0,14.0,6.0,10.0,13.0,16.0,23.0,7.0,3.0,18.0,5.0
2015-09-15,0.0,5.0,9.0,1.0,3.0,11.0,14.0,16.0,2.0,4.0,7.0,11.0,14.0,6.0,4.0,14.0,1.0
2015-09-16,6.0,14.0,9.0,4.0,7.0,6.0,16.0,12.0,5.0,10.0,14.0,8.0,3.0,6.0,3.0,15.0,7.0
2015-09-17,7.0,15.0,4.0,8.0,7.0,9.0,8.0,13.0,5.0,13.0,8.0,7.0,10.0,10.0,14.0,10.0,1.0
2015-09-18,9.0,20.0,6.0,13.0,6.0,5.0,14.0,20.0,9.0,17.0,19.0,20.0,9.0,12.0,7.0,12.0,7.0
2015-09-19,6.0,18.0,11.0,8.0,15.0,14.0,10.0,32.0,6.0,16.0,11.0,26.0,7.0,8.0,4.0,20.0,4.0
2015-09-20,19.0,15.0,10.0,3.0,13.0,13.0,21.0,15.0,6.0,26.0,10.0,19.0,14.0,19.0,24.0,20.0,28.0
2015-09-21,5.0,6.0,4.0,4.0,6.0,13.0,8.0,15.0,6.0,17.0,6.0,8.0,6.0,15.0,23.0,17.0,6.0
2015-09-22,5.0,11.0,9.0,1.0,8.0,13.0,10.0,27.0,19.0,13.0,8.0,10.0,10.0,14.0,13.0,17.0,11.0
2015-09-23,5.0,12.0,12.0,4.0,4.0,16.0,7.0,8.0,11.0,2.0,7.0,10.0,15.0,6.0,13.0,14.0,2.0
2015-09-24,20.0,10.0,7.0,12.0,8.0,10.0,9.0,13.0,13.0,11.0,14.0,24.0,11.0,6.0,9.0,20.0,11.0
2015-09-25,13.0,16.0,9.0,8.0,9.0,12.0,20.0,18.0,16.0,12.0,9.0,29.0,5.0,17.0,5.0,20.0,3.0
2015-09-26,13.0,15.0,5.0,9.0,12.0,13.0,16.0,42.0,18.0,21.0,16.0,37.0,18.0,18.0,11.0,28.0,6.0
2015-09-27,6.0,21.0,4.0,12.0,14.0,13.0,16.0,14.0,12.0,27.0,19.0,28.0,20.0,20.0,12.0,33.0,12.0
2015-09-28,10.0,10.0,4.0,1.0,5.0,10.0,14.0,26.0,15.0,8.0,10.0,11.0,14.0,13.0,8.0,27.0,4.0
2015-09-29,17.0,5.0,11.0,1.0,12.0,14.0,13.0,33.0,8.0,1.0,14.0,12.0,9.0,9.0,11.0,25.0,1.0
2015-09-30,10.0,11.0,11.0,5.0,5.0,2.0,23.0,17.0,17.0,9.0,4.0,11.0,7.0,7.0,16.0,22.0,11.0
2015-10-01,9.0,9.0,12.0,4.0,7.0,9.0,17.0,18.0,20.0,19.0,8.0,15.0,13.0,14.0,8.0,17.0,8.0
2015-10-02,12.0,13.0,6.0,4.0,7.0,13.0,20.0,21.0,16.0,12.0,14.0,23.0,9.0,27.0,10.0,15.0,9.0
2015-10-03,23.0,16.0,10.0,5.0,14.0,12.0,23.0,31.0,17.0,11.0,16.0,25.0,24.0,18.0,6.0,28.0,8.0
2015-10-04,11.0,11.0,12.0,9.0,4.0,9.0,12.0,16.0,23.0,10.0,12.0,30.0,22.0,15.0,13.0,13.0,8.0
2015-10-05,8.0,15.0,7.0,2.0,7.0,5.0,18.0,20.0,23.0,14.0,6.0,20.0,13.0,12.0,8.0,16.0,8.0
2015-10-06,21.0,9.0,8.0,5.0,8.0,13.0,11.0,22.0,11.0,14.0,7.0,22.0,20.0,12.0,14.0,18.0,2.0
2015-10-07,10.0,10.0,5.0,3.0,7.0,21.0,10.0,15.0,10.0,17.0,1.0,13.0,11.0,14.0,15.0,15.0,4.0
2015-10-08,22.0,5.0,7.0,2.0,7.0,15.0,21.0,9.0,8.0,5.0,2.0,19.0,13.0,12.0,13.0,19.0,10.0
2015-10-09,11.0,7.0,9.0,1.0,16.0,16.0,16.0,16.0,15.0,12.0,10.0,23.0,8.0,15.0,10.0,19.0,5.0
2015-10-10,45.0,16.0,5.0,9.0,13.0,12.0,27.0,22.0,31.0,16.0,11.0,39.0,15.0,12.0,12.0,8.0,17.0
2015-10-11,29.0,11.0,13.0,4.0,4.0,7.0,17.0,15.0,32.0,12.0,7.0,25.0,6.0,15.0,5.0,29.0,13.0
2015-10-12,28.0,12.0,6.0,3.0,5.0,8.0,15.0,12.0,21.0,15.0,9.0,12.0,12.0,13.0,13.0,27.0,11.0
2015-10-13,11.0,15.0,6.0,11.0,3.0,13.0,19.0,17.0,10.0,11.0,7.0,19.0,6.0,21.0,6.0,19.0,23.0
2015-10-14,15.0,6.0,3.0,7.0,3.0,5.0,16.0,17.0,8.0,2.0,5.0,12.0,12.0,8.0,8.0,17.0,3.0
2015-10-15,6.0,6.0,5.0,2.0,3.0,8.0,9.0,19.0,10.0,10.0,7.0,24.0,5.0,25.0,10.0,22.0,5.0
2015-10-16,0.0,17.0,11.0,6.0,0.0,8.0,9.0,19.0,0.0,6.0,12.0,12.0,1.0,7.0,8.0,20.0,6.0
2015-10-17,1.0,13.0,8.0,3.0,4.0,13.0,11.0,19.0,0.0,5.0,14.0,21.0,7.0,11.0,9.0,23.0,4.0
2015-10-18,1.0,17.0,7.0,10.0,7.0,10.0,18.0,19.0,0.0,15.0,8.0,23.0,9.0,25.0,18.0,24.0,1.0
2015-10-19,2.0,10.0,5.0,6.0,2.0,8.0,14.0,22.0,1.0,4.0,6.0,11.0,3.0,8.0,10.0,24.0,2.0
2015-10-20,9.0,12.0,8.0,11.0,2.0,3.0,11.0,23.0,12.0,6.0,14.0,21.0,6.0,13.0,8.0,16.0,3.0
2015-10-21,26.0,11.0,15.0,4.0,4.0,11.0,10.0,23.0,16.0,11.0,12.0,29.0,16.0,11.0,12.0,8.0,3.0
2015-10-22,17.0,5.0,8.0,1.0,4.0,4.0,20.0,9.0,15.0,11.0,6.0,21.0,6.0,10.0,7.0,16.0,9.0
2015-10-23,18.0,21.0,12.0,3.0,3.0,10.0,9.0,15.0,11.0,21.0,6.0,16.0,9.0,10.0,16.0,13.0,9.0
2015-10-24,15.0,7.0,14.0,8.0,3.0,9.0,19.0,25.0,13.0,24.0,13.0,26.0,8.0,28.0,13.0,25.0,7.0
2015-10-25,31.0,9.0,7.0,18.0,8.0,8.0,15.0,20.0,27.0,19.0,10.0,32.0,13.0,15.0,23.0,14.0,5.0
2015-10-26,20.0,9.0,7.0,3.0,9.0,6.0,19.0,20.0,18.0,9.0,6.0,13.0,9.0,12.0,18.0,15.0,9.0
2015-10-27,9.0,8.0,8.0,3.0,6.0,9.0,9.0,15.0,12.0,7.0,5.0,14.0,10.0,9.0,13.0,15.0,4.0
2015-10-28,18.0,8.0,11.0,4.0,7.0,9.0,9.0,18.0,13.0,12.0,6.0,9.0,10.0,15.0,11.0,13.0,8.0
2015-10-29,6.0,15.0,3.0,8.0,2.0,7.0,5.0,11.0,7.0,7.0,7.0,25.0,11.0,12.0,7.0,19.0,6.0
2015-10-30,0.0,10.0,8.0,8.0,2.0,7.0,20.0,20.0,0.0,7.0,6.0,17.0,6.0,14.0,16.0,24.0,4.0
2015-10-31,0.0,19.0,12.0,4.0,3.0,6.0,9.0,23.0,0.0,5.0,13.0,23.0,9.0,12.0,12.0,15.0,4.0
2015-11-01,1.0,15.0,4.0,5.0,3.0,8.0,13.0,12.0,0.0,12.0,14.0,24.0,6.0,20.0,15.0,30.0,2.0
2015-11-02,0.0,12.0,17.0,4.0,5.0,5.0,11.0,18.0,0.0,13.0,17.0,25.0,11.0,10.0,5.0,23.0,1.0
2015-11-03,0.0,9.0,13.0,6.0,0.0,6.0,9.0,17.0,0.0,5.0,10.0,12.0,9.0,8.0,9.0,12.0,2.0
2015-11-04,0.0,14.0,8.0,4.0,3.0,5.0,15.0,27.0,0.0,9.0,9.0,14.0,5.0,9.0,4.0,17.0,5.0
2015-11-05,0.0,14.0,4.0,6.0,2.0,8.0,9.0,29.0,0.0,7.0,10.0,23.0,7.0,8.0,10.0,23.0,2.0
2015-11-06,0.0,7.0,10.0,9.0,2.0,12.0,13.0,24.0,0.0,6.0,12.0,25.0,4.0,14.0,8.0,18.0,2.0
2015-11-07,0.0,16.0,6.0,12.0,2.0,11.0,9.0,24.0,0.0,16.0,17.0,12.0,14.0,16.0,8.0,24.0,3.0
2015-11-08,1.0,23.0,3.0,8.0,5.0,6.0,19.0,14.0,0.0,6.0,12.0,23.0,5.0,10.0,10.0,17.0,5.0
2015-11-09,0.0,11.0,7.0,9.0,2.0,8.0,10.0,23.0,0.0,5.0,5.0,16.0,8.0,6.0,12.0,18.0,4.0
2015-11-10,0.0,10.0,6.0,5.0,1.0,5.0,7.0,20.0,0.0,5.0,9.0,9.0,6.0,13.0,7.0,20.0,0.0
2015-11-11,1.0,8.0,12.0,3.0,3.0,12.0,10.0,19.0,0.0,3.0,5.0,12.0,10.0,11.0,10.0,11.0,3.0
2015-11-12,1.0,9.0,6.0,3.0,4.0,14.0,6.0,15.0,0.0,10.0,3.0,8.0,9.0,19.0,9.0,18.0,4.0
2015-11-13,5.0,15.0,4.0,9.0,3.0,8.0,7.0,30.0,3.0,5.0,8.0,9.0,7.0,17.0,7.0,23.0,1.0
2015-11-14,25.0,21.0,10.0,10.0,12.0,8.0,16.0,22.0,18.0,13.0,23.0,18.0,17.0,12.0,12.0,17.0,7.0
2015-11-15,16.0,9.0,12.0,9.0,7.0,8.0,31.0,12.0,5.0,15.0,5.0,21.0,20.0,20.0,13.0,17.0,13.0
2015-11-16,20.0,9.0,12.0,2.0,8.0,6.0,14.0,19.0,9.0,9.0,10.0,12.0,13.0,9.0,6.0,13.0,5.0
2015-11-17,19.0,15.0,6.0,3.0,4.0,4.0,11.0,13.0,13.0,10.0,16.0,13.0,8.0,8.0,12.0,13.0,4.0
2015-11-18,7.0,16.0,15.0,6.0,6.0,9.0,13.0,14.0,16.0,4.0,11.0,25.0,8.0,6.0,7.0,19.0,6.0
2015-11-19,7.0,4.0,4.0,5.0,4.0,5.0,20.0,18.0,8.0,5.0,9.0,14.0,8.0,18.0,3.0,13.0,1.0
2015-11-20,15.0,11.0,11.0,0.0,7.0,7.0,13.0,17.0,9.0,8.0,10.0,21.0,11.0,11.0,3.0,16.0,2.0
2015-11-21,25.0,9.0,10.0,4.0,6.0,10.0,20.0,17.0,11.0,14.0,9.0,11.0,11.0,8.0,10.0,9.0,7.0
2015-11-22,12.0,2.0,6.0,2.0,0.0,1.0,6.0,6.0,4.0,10.0,6.0,7.0,3.0,8.0,5.0,4.0,3.0
2015-11-23,26.0,13.0,11.0,6.0,8.0,7.0,17.0,21.0,14.0,15.0,12.0,18.0,16.0,22.0,4.0,14.0,5.0
2015-11-24,13.0,12.0,13.0,6.0,8.0,5.0,11.0,20.0,13.0,15.0,10.0,10.0,17.0,14.0,12.0,23.0,5.0
2015-11-25,1.0,9.0,5.0,6.0,6.0,13.0,7.0,25.0,2.0,3.0,12.0,14.0,6.0,6.0,6.0,13.0,3.0
2015-11-26,2.0,14.0,5.0,4.0,3.0,4.0,17.0,18.0,0.0,4.0,6.0,7.0,6.0,13.0,8.0,14.0,2.0
2015-11-27,0.0,8.0,5.0,1.0,5.0,11.0,7.0,22.0,0.0,6.0,10.0,7.0,5.0,15.0,10.0,10.0,2.0
2015-11-28,1.0,11.0,10.0,8.0,5.0,9.0,12.0,19.0,0.0,2.0,16.0,19.0,12.0,14.0,5.0,24.0,3.0
2015-11-29,1.0,6.0,8.0,5.0,0.0,9.0,15.0,29.0,0.0,10.0,13.0,20.0,8.0,9.0,7.0,22.0,3.0
2015-11-30,0.0,13.0,12.0,1.0,0.0,6.0,9.0,20.0,0.0,5.0,5.0,12.0,7.0,12.0,6.0,5.0,5.0
2015-12-01,3.0,17.0,9.0,7.0,2.0,15.0,6.0,18.0,0.0,5.0,8.0,8.0,3.0,14.0,10.0,11.0,2.0
2015-12-02,0.0,8.0,14.0,9.0,7.0,3.0,5.0,20.0,0.0,7.0,7.0,11.0,4.0,8.0,8.0,21.0,0.0
2015-12-03,16.0,12.0,13.0,6.0,14.0,9.0,14.0,29.0,7.0,10.0,12.0,11.0,10.0,9.0,13.0,21.0,3.0
2015-12-04,4.0,4.0,1.0,0.0,2.0,6.0,6.0,17.0,4.0,11.0,3.0,4.0,4.0,1.0,0.0,9.0,1.0
2015-12-05,9.0,13.0,8.0,3.0,7.0,7.0,6.0,14.0,12.0,14.0,14.0,12.0,10.0,10.0,5.0,17.0,8.0
2015-12-06,4.0,10.0,3.0,5.0,2.0,4.0,7.0,8.0,3.0,6.0,12.0,9.0,10.0,3.0,3.0,11.0,3.0
2015-12-07,15.0,9.0,15.0,5.0,9.0,8.0,12.0,7.0,6.0,8.0,2.0,12.0,10.0,11.0,4.0,6.0,2.0
2015-12-08,16.0,8.0,7.0,7.0,4.0,10.0,12.0,16.0,14.0,4.0,7.0,14.0,10.0,12.0,12.0,27.0,8.0
2015-12-09,9.0,5.0,7.0,2.0,2.0,7.0,11.0,11.0,15.0,4.0,3.0,12.0,9.0,6.0,5.0,8.0,1.0
2015-12-10,11.0,12.0,3.0,3.0,6.0,11.0,9.0,12.0,4.0,2.0,6.0,7.0,6.0,8.0,5.0,7.0,1.0
2015-12-11,24.0,26.0,9.0,5.0,5.0,20.0,5.0,18.0,8.0,8.0,10.0,11.0,23.0,13.0,7.0,17.0,3.0
2015-12-12,26.0,15.0,8.0,8.0,9.0,20.0,19.0,22.0,6.0,12.0,18.0,25.0,18.0,10.0,16.0,12.0,7.0
2015-12-13,25.0,22.0,1.0,10.0,3.0,22.0,22.0,25.0,2.0,10.0,10.0,40.0,8.0,13.0,18.0,17.0,10.0
2015-12-14,15.0,14.0,6.0,6.0,3.0,7.0,15.0,13.0,7.0,3.0,5.0,29.0,7.0,14.0,8.0,14.0,2.0
2015-12-15,11.0,8.0,1.0,6.0,5.0,5.0,11.0,15.0,14.0,11.0,5.0,10.0,11.0,5.0,2.0,14.0,3.0
2015-12-16,20.0,12.0,5.0,5.0,7.0,11.0,15.0,16.0,12.0,9.0,10.0,12.0,11.0,14.0,12.0,15.0,4.0
2015-12-17,11.0,8.0,7.0,3.0,1.0,13.0,9.0,6.0,9.0,5.0,4.0,11.0,8.0,8.0,3.0,13.0,8.0
2015-12-18,8.0,3.0,3.0,3.0,3.0,3.0,0.0,10.0,5.0,2.0,0.0,3.0,1.0,4.0,1.0,4.0,1.0
2015-12-19,1.0,1.0,1.0,0.0,0.0,0.0,3.0,4.0,0.0,2.0,5.0,2.0,3.0,0.0,0.0,6.0,1.0
2015-12-20,3.0,4.0,4.0,0.0,3.0,8.0,10.0,9.0,3.0,3.0,8.0,11.0,9.0,14.0,3.0,14.0,5.0
2015-12-21,13.0,8.0,13.0,6.0,6.0,7.0,13.0,12.0,11.0,14.0,4.0,16.0,10.0,6.0,0.0,16.0,10.0
2015-12-22,16.0,2.0,16.0,4.0,7.0,12.0,15.0,23.0,16.0,14.0,10.0,17.0,8.0,9.0,3.0,14.0,5.0
2015-12-23,7.0,16.0,15.0,5.0,3.0,18.0,14.0,16.0,13.0,17.0,13.0,17.0,10.0,16.0,4.0,12.0,8.0
2015-12-24,8.0,11.0,8.0,7.0,14.0,13.0,9.0,19.0,6.0,20.0,4.0,20.0,15.0,15.0,3.0,18.0,4.0
2015-12-25,14.0,21.0,10.0,8.0,10.0,7.0,14.0,27.0,12.0,16.0,8.0,26.0,30.0,27.0,19.0,22.0,11.0
2015-12-26,18.0,12.0,7.0,2.0,8.0,7.0,10.0,15.0,15.0,23.0,9.0,29.0,13.0,15.0,3.0,14.0,7.0
2015-12-27,16.0,9.0,6.0,11.0,6.0,9.0,12.0,23.0,12.0,12.0,8.0,25.0,20.0,24.0,7.0,22.0,8.0
2015-12-28,18.0,7.0,14.0,5.0,4.0,11.0,18.0,14.0,11.0,22.0,4.0,9.0,12.0,10.0,5.0,11.0,8.0
2015-12-29,17.0,8.0,5.0,3.0,3.0,6.0,11.0,13.0,7.0,10.0,13.0,17.0,13.0,7.0,6.0,13.0,3.0
2015-12-30,14.0,16.0,3.0,5.0,3.0,11.0,8.0,22.0,9.0,14.0,5.0,30.0,6.0,17.0,2.0,16.0,9.0
2015-12-31,21.0,8.0,31.0,8.0,15.0,13.0,13.0,25.0,6.0,7.0,7.0,14.0,11.0,13.0,9.0,15.0,2.0
2016-01-01,27.0,12.0,16.0,7.0,13.0,29.0,21.0,14.0,0.0,35.0,16.0,26.0,14.0,18.0,18.0,26.0,16.0
2016-01-02,20.0,8.0,9.0,5.0,6.0,16.0,18.0,11.0,0.0,9.0,8.0,14.0,27.0,19.0,14.0,7.0,5.0
2016-01-03,15.0,11.0,10.0,7.0,10.0,19.0,25.0,19.0,0.0,19.0,6.0,23.0,31.0,21.0,11.0,23.0,2.0
2016-01-04,14.0,13.0,4.0,4.0,9.0,16.0,22.0,11.0,7.0,14.0,11.0,22.0,21.0,20.0,1.0,16.0,5.0
2016-01-05,17.0,12.0,7.0,5.0,10.0,9.0,16.0,12.0,6.0,7.0,10.0,16.0,17.0,26.0,4.0,14.0,7.0
2016-01-06,15.0,20.0,12.0,5.0,4.0,10.0,10.0,20.0,9.0,20.0,10.0,18.0,17.0,21.0,14.0,16.0,10.0
2016-01-07,12.0,11.0,9.0,3.0,5.0,12.0,6.0,14.0,9.0,6.0,8.0,11.0,12.0,7.0,9.0,17.0,5.0
2016-01-08,15.0,12.0,10.0,3.0,7.0,8.0,12.0,14.0,13.0,12.0,7.0,13.0,16.0,11.0,3.0,16.0,4.0
2016-01-09,7.0,9.0,6.0,4.0,5.0,6.0,10.0,12.0,6.0,9.0,7.0,24.0,10.0,11.0,6.0,17.0,2.0
2016-01-10,19.0,8.0,5.0,6.0,4.0,12.0,14.0,18.0,8.0,17.0,9.0,18.0,17.0,10.0,18.0,28.0,8.0
2016-01-11,16.0,9.0,8.0,3.0,5.0,5.0,10.0,13.0,6.0,7.0,2.0,22.0,7.0,11.0,4.0,14.0,3.0
2016-01-12,2.0,13.0,6.0,6.0,8.0,13.0,8.0,12.0,1.0,3.0,9.0,15.0,12.0,9.0,4.0,5.0,2.0
2016-01-13,22.0,14.0,9.0,3.0,6.0,12.0,8.0,21.0,2.0,1.0,6.0,5.0,10.0,14.0,1.0,13.0,6.0
2016-01-14,8.0,16.0,6.0,8.0,3.0,8.0,13.0,11.0,1.0,5.0,12.0,16.0,9.0,18.0,7.0,9.0,5.0
2016-01-15,0.0,13.0,11.0,6.0,2.0,8.0,12.0,16.0,0.0,7.0,9.0,13.0,11.0,5.0,6.0,14.0,1.0
2016-01-16,0.0,12.0,3.0,10.0,1.0,6.0,8.0,23.0,0.0,7.0,12.0,11.0,10.0,13.0,11.0,15.0,3.0
2016-01-17,2.0,13.0,9.0,7.0,2.0,13.0,11.0,17.0,0.0,11.0,6.0,23.0,0.0,12.0,13.0,23.0,6.0
2016-01-18,2.0,10.0,8.0,5.0,0.0,6.0,15.0,15.0,0.0,4.0,9.0,15.0,6.0,8.0,5.0,15.0,4.0
2016-01-19,0.0,12.0,5.0,4.0,1.0,9.0,8.0,11.0,0.0,4.0,10.0,16.0,4.0,6.0,10.0,8.0,0.0
2016-01-20,1.0,12.0,5.0,1.0,2.0,9.0,7.0,15.0,0.0,10.0,8.0,16.0,2.0,12.0,4.0,10.0,1.0
2016-01-21,17.0,11.0,4.0,7.0,7.0,11.0,8.0,19.0,14.0,2.0,15.0,22.0,9.0,14.0,8.0,20.0,6.0
2016-01-22,11.0,8.0,8.0,2.0,9.0,9.0,9.0,25.0,6.0,11.0,9.0,16.0,10.0,6.0,8.0,12.0,6.0
2016-01-23,13.0,8.0,9.0,3.0,7.0,11.0,32.0,11.0,8.0,17.0,12.0,31.0,8.0,19.0,15.0,13.0,11.0
2016-01-24,7.0,9.0,7.0,3.0,6.0,13.0,21.0,11.0,7.0,9.0,9.0,23.0,15.0,19.0,13.0,33.0,19.0
2016-01-25,4.0,10.0,11.0,3.0,4.0,9.0,8.0,14.0,2.0,8.0,11.0,26.0,6.0,9.0,7.0,15.0,14.0
2016-01-26,7.0,10.0,5.0,5.0,4.0,11.0,9.0,17.0,5.0,5.0,14.0,13.0,4.0,8.0,6.0,17.0,9.0
2016-01-27,17.0,9.0,8.0,6.0,4.0,14.0,11.0,39.0,2.0,14.0,13.0,18.0,11.0,12.0,4.0,25.0,9.0
2016-01-28,8.0,3.0,7.0,2.0,3.0,13.0,16.0,9.0,2.0,8.0,11.0,11.0,8.0,3.0,8.0,10.0,3.0
2016-01-29,17.0,13.0,6.0,6.0,7.0,11.0,20.0,22.0,9.0,13.0,16.0,22.0,12.0,10.0,8.0,20.0,11.0
2016-01-30,19.0,13.0,12.0,3.0,11.0,15.0,16.0,23.0,13.0,9.0,12.0,10.0,7.0,14.0,19.0,20.0,9.0
2016-01-31,7.0,9.0,13.0,5.0,11.0,12.0,13.0,19.0,5.0,17.0,13.0,12.0,13.0,12.0,11.0,27.0,7.0
2016-02-01,4.0,8.0,6.0,2.0,2.0,9.0,9.0,13.0,8.0,9.0,8.0,10.0,8.0,11.0,6.0,14.0,10.0
2016-02-02,7.0,10.0,7.0,1.0,5.0,8.0,11.0,11.0,6.0,10.0,18.0,14.0,9.0,10.0,8.0,21.0,4.0
2016-02-03,16.0,8.0,6.0,8.0,6.0,11.0,7.0,21.0,6.0,14.0,17.0,14.0,13.0,14.0,11.0,30.0,4.0
2016-02-04,10.0,16.0,13.0,4.0,4.0,12.0,7.0,21.0,2.0,7.0,13.0,21.0,6.0,11.0,11.0,18.0,0.0
2016-02-05,11.0,8.0,6.0,0.0,5.0,7.0,4.0,13.0,3.0,7.0,7.0,8.0,12.0,6.0,9.0,13.0,9.0
2016-02-06,3.0,17.0,5.0,6.0,1.0,5.0,17.0,9.0,5.0,6.0,10.0,12.0,20.0,2.0,7.0,9.0,1.0
2016-02-07,8.0,11.0,9.0,5.0,7.0,9.0,10.0,11.0,4.0,14.0,9.0,9.0,17.0,10.0,18.0,11.0,2.0
2016-02-08,8.0,7.0,10.0,3.0,2.0,8.0,8.0,9.0,4.0,12.0,7.0,13.0,8.0,4.0,6.0,1.0,4.0
2016-02-09,4.0,9.0,4.0,2.0,5.0,8.0,20.0,13.0,8.0,15.0,14.0,14.0,19.0,5.0,20.0,10.0,4.0
2016-02-10,8.0,8.0,7.0,7.0,7.0,13.0,8.0,9.0,5.0,23.0,10.0,10.0,8.0,5.0,13.0,16.0,10.0
2016-02-11,18.0,13.0,11.0,6.0,6.0,11.0,16.0,12.0,10.0,12.0,6.0,14.0,8.0,8.0,7.0,12.0,4.0
2016-02-12,7.0,6.0,6.0,1.0,3.0,5.0,4.0,6.0,2.0,6.0,4.0,5.0,1.0,8.0,7.0,9.0,5.0
2016-02-13,21.0,15.0,6.0,7.0,7.0,15.0,22.0,19.0,10.0,24.0,11.0,23.0,16.0,11.0,15.0,10.0,10.0
2016-02-14,19.0,17.0,5.0,3.0,9.0,12.0,16.0,18.0,4.0,10.0,12.0,11.0,15.0,13.0,16.0,14.0,6.0
2016-02-15,6.0,6.0,4.0,5.0,0.0,10.0,11.0,9.0,3.0,16.0,3.0,7.0,12.0,7.0,16.0,5.0,4.0
2016-02-16,4.0,4.0,6.0,6.0,5.0,6.0,13.0,10.0,6.0,5.0,11.0,8.0,11.0,5.0,9.0,6.0,1.0
2016-02-17,13.0,4.0,4.0,2.0,5.0,9.0,10.0,11.0,8.0,14.0,12.0,18.0,11.0,16.0,6.0,8.0,12.0
2016-02-18,6.0,10.0,5.0,2.0,6.0,9.0,14.0,14.0,8.0,14.0,8.0,13.0,7.0,11.0,10.0,13.0,1.0
2016-02-19,1.0,7.0,3.0,4.0,0.0,7.0,6.0,3.0,0.0,2.0,4.0,6.0,8.0,3.0,6.0,10.0,3.0
2016-02-20,7.0,1.0,1.0,7.0,2.0,3.0,8.0,6.0,0.0,6.0,5.0,15.0,7.0,4.0,13.0,6.0,4.0
2016-02-21,7.0,9.0,7.0,10.0,8.0,7.0,5.0,15.0,3.0,12.0,10.0,31.0,15.0,15.0,6.0,12.0,19.0
2016-02-22,8.0,6.0,6.0,4.0,3.0,12.0,9.0,15.0,3.0,9.0,11.0,17.0,11.0,14.0,8.0,21.0,3.0
2016-02-23,15.0,13.0,7.0,5.0,4.0,9.0,11.0,17.0,2.0,10.0,7.0,18.0,11.0,6.0,7.0,12.0,12.0
2016-02-24,10.0,4.0,2.0,2.0,3.0,8.0,5.0,7.0,0.0,4.0,9.0,15.0,7.0,5.0,8.0,6.0,4.0
2016-02-25,4.0,2.0,1.0,1.0,8.0,12.0,7.0,7.0,0.0,9.0,4.0,6.0,5.0,7.0,4.0,7.0,3.0
2016-02-26,15.0,9.0,15.0,3.0,9.0,9.0,11.0,18.0,1.0,6.0,11.0,14.0,19.0,22.0,11.0,13.0,5.0
2016-02-27,3.0,5.0,6.0,2.0,0.0,4.0,4.0,9.0,2.0,1.0,3.0,6.0,9.0,2.0,6.0,3.0,2.0
2016-02-28,0.0,0.0,0.0,0.0,0.0,0.0,0.0,0.0,0.0,0.0,0.0,0.0,0.0,0.0,0.0,0.0,0.0
2016-02-29,3.0,4.0,8.0,3.0,4.0,6.0,10.0,11.0,3.0,2.0,5.0,6.0,6.0,10.0,4.0,6.0,4.0
2016-03-01,8.0,16.0,10.0,8.0,7.0,8.0,4.0,28.0,2.0,11.0,7.0,17.0,21.0,11.0,15.0,4.0,3.0
2016-03-02,4.0,6.0,7.0,6.0,4.0,12.0,10.0,21.0,1.0,8.0,3.0,19.0,2.0,13.0,5.0,14.0,2.0
2016-03-03,0.0,16.0,3.0,1.0,1.0,16.0,5.0,16.0,0.0,12.0,8.0,15.0,10.0,7.0,9.0,21.0,3.0
2016-03-04,0.0,18.0,4.0,6.0,3.0,9.0,7.0,21.0,0.0,9.0,6.0,8.0,7.0,11.0,12.0,18.0,3.0
2016-03-05,0.0,11.0,4.0,9.0,2.0,12.0,22.0,18.0,0.0,12.0,9.0,7.0,10.0,12.0,20.0,21.0,3.0
2016-03-06,0.0,15.0,9.0,9.0,4.0,13.0,14.0,19.0,0.0,7.0,10.0,17.0,7.0,18.0,10.0,15.0,6.0
2016-03-07,0.0,9.0,9.0,7.0,2.0,10.0,11.0,15.0,0.0,4.0,8.0,11.0,4.0,6.0,13.0,15.0,4.0
2016-03-08,0.0,6.0,4.0,7.0,2.0,10.0,15.0,15.0,0.0,7.0,12.0,11.0,6.0,10.0,7.0,19.0,2.0
2016-03-09,0.0,6.0,7.0,7.0,1.0,12.0,8.0,20.0,0.0,7.0,10.0,8.0,1.0,11.0,7.0,18.0,3.0
2016-03-10,0.0,11.0,9.0,2.0,2.0,5.0,11.0,17.0,0.0,7.0,11.0,19.0,7.0,6.0,12.0,13.0,2.0
2016-03-11,1.0,16.0,7.0,8.0,3.0,14.0,11.0,20.0,0.0,4.0,9.0,16.0,5.0,13.0,13.0,15.0,4.0
2016-03-12,0.0,12.0,6.0,6.0,3.0,13.0,12.0,14.0,0.0,7.0,5.0,20.0,10.0,16.0,8.0,20.0,4.0
2016-03-13,0.0,10.0,6.0,8.0,4.0,11.0,17.0,15.0,0.0,14.0,13.0,16.0,7.0,16.0,17.0,24.0,6.0
2016-03-14,0.0,16.0,6.0,11.0,4.0,8.0,17.0,14.0,0.0,10.0,5.0,15.0,4.0,14.0,13.0,23.0,1.0
2016-03-15,0.0,7.0,7.0,5.0,3.0,15.0,14.0,21.0,0.0,13.0,10.0,17.0,7.0,7.0,11.0,14.0,3.0
2016-03-16,6.0,5.0,7.0,7.0,8.0,14.0,11.0,24.0,5.0,12.0,6.0,16.0,7.0,4.0,12.0,21.0,8.0
2016-03-17,5.0,15.0,7.0,5.0,6.0,17.0,9.0,10.0,1.0,13.0,8.0,12.0,12.0,9.0,5.0,16.0,1.0
2016-03-18,0.0,3.0,2.0,1.0,5.0,12.0,9.0,11.0,0.0,4.0,6.0,8.0,1.0,2.0,5.0,6.0,7.0
2016-03-19,0.0,0.0,0.0,0.0,0.0,0.0,0.0,0.0,0.0,0.0,0.0,0.0,0.0,0.0,0.0,0.0,0.0
2016-03-20,0.0,1.0,0.0,0.0,0.0,0.0,0.0,0.0,0.0,0.0,0.0,0.0,0.0,0.0,0.0,0.0,0.0
2016-03-21,12.0,12.0,13.0,1.0,3.0,12.0,20.0,14.0,4.0,11.0,13.0,26.0,11.0,12.0,11.0,38.0,8.0
2016-03-22,11.0,8.0,3.0,4.0,0.0,14.0,13.0,16.0,3.0,7.0,9.0,13.0,2.0,17.0,16.0,20.0,4.0
2016-03-23,9.0,4.0,19.0,3.0,3.0,12.0,11.0,22.0,1.0,12.0,7.0,21.0,10.0,7.0,10.0,18.0,17.0
2016-03-24,11.0,17.0,8.0,8.0,2.0,14.0,22.0,18.0,4.0,17.0,7.0,18.0,22.0,11.0,10.0,25.0,6.0
2016-03-25,7.0,13.0,13.0,5.0,12.0,9.0,28.0,40.0,2.0,24.0,25.0,29.0,32.0,20.0,10.0,22.0,14.0
2016-03-26,0.0,4.0,8.0,5.0,5.0,1.0,12.0,22.0,3.0,6.0,9.0,10.0,4.0,3.0,4.0,10.0,11.0
2016-03-27,0.0,0.0,0.0,0.0,0.0,0.0,0.0,0.0,0.0,0.0,0.0,0.0,0.0,0.0,0.0,0.0,0.0
2016-03-28,0.0,6.0,1.0,1.0,5.0,4.0,3.0,8.0,2.0,10.0,2.0,11.0,7.0,8.0,4.0,4.0,7.0
2016-03-29,0.0,4.0,5.0,8.0,3.0,4.0,6.0,20.0,0.0,1.0,8.0,4.0,5.0,5.0,4.0,5.0,3.0
2016-03-30,0.0,6.0,5.0,3.0,7.0,8.0,12.0,25.0,0.0,14.0,12.0,11.0,11.0,9.0,6.0,9.0,4.0
2016-03-31,0.0,13.0,6.0,6.0,0.0,16.0,13.0,36.0,0.0,8.0,4.0,21.0,4.0,9.0,17.0,26.0,14.0
